Destination Port,Flow Duration,Total Fwd Packets,Total Backward Packets,Total Length of Fwd Packets,Total Length of Bwd Packets,Fwd Packet Length Max,Fwd Packet Length Min,Fwd Packet Length Mean,Fwd Packet Length Std,Bwd Packet Length Max,Bwd Packet Length Min,Bwd Packet Length Mean,Bwd Packet Length Std,Flow Bytes/s,Flow Packets/s,Flow IAT Mean,Flow IAT Std,Flow IAT Max,Flow IAT Min,Fwd IAT Total,Fwd IAT Mean,Fwd IAT Std,Fwd IAT Max,Fwd IAT Min,Bwd IAT Total,Bwd IAT Mean,Bwd IAT Std,Bwd IAT Max,Bwd IAT Min,Fwd PSH Flags,Bwd PSH Flags,Fwd URG Flags,Bwd URG Flags,Fwd Header Length,Bwd Header Length,Fwd Packets/s,Bwd Packets/s,Min Packet Length,Max Packet Length,Packet Length Mean,Packet Length Std,Packet Length Variance,FIN Flag Count,SYN Flag Count,RST Flag Count,PSH Flag Count,ACK Flag Count,URG Flag Count,CWE Flag Count,ECE Flag Count,Down/Up Ratio,Average Packet Size,Avg Fwd Segment Size,Avg Bwd Segment Size,Fwd Header Length.1,Fwd Avg Bytes/Bulk,Fwd Avg Packets/Bulk,Fwd Avg Bulk Rate,Bwd Avg Bytes/Bulk,Bwd Avg Packets/Bulk,Bwd Avg Bulk Rate,Subflow Fwd Packets,Subflow Fwd Bytes,Subflow Bwd Packets,Subflow Bwd Bytes,Init_Win_bytes_forward,Init_Win_bytes_backward,act_data_pkt_fwd,min_seg_size_forward,Active Mean,Active Std,Active Max,Active Min,Idle Mean,Idle Std,Idle Max,Idle Min,Label,BinaryLabel
0.0,-1.1702408572834524,-0.8366442064317341,-0.7956490877694535,-0.43919839138579914,-0.562583272461234,-1.024980147114249,-1.2520253861514021,-1.0045366695385054,-1.3023537530089189,-0.540737415878855,-1.1726039399558574,-0.5555604558078387,-0.4825099089990667,-0.3950221541139095,-0.10834120072182878,0.5090661826414706,0.9682379648520626,0.44828787431883477,-0.10545451114822504,-2.159665255923767,-0.333962482286639,-0.6686469903819418,-0.9181964777637568,-0.18515124028861377,-1.0315686472931613,2.8735563714148458,1.652647874997973,0.5107671595600133,1.2512299081143976,-0.8345229603962803,0.0,0.0,0.0,-0.8404866834745021,-0.8454146317390906,-0.1073523566696188,-0.8449001291750935,-1.2520253861514021,-0.7020946399642263,-0.7580770251443091,-0.7644065011459564,-0.6097602502431326,0.0,-0.8345229603962803,0.0,2.405351177211819,-2.405351177211819,-0.10314212462587932,0.0,0.0,1.010582305279823,-0.7579241467767673,-1.0045366695385054,-0.5555604558078387,-0.8404866834745021,0.0,0.0,0.0,0.0,0.0,0.0,-0.8366442064317341,-0.43919839138579914,-0.7956490877694535,-0.562583272461234,1.5683645914932782,-0.8525546898430688,-0.4911385896356087,-0.6103679378930736,-0.41731116730126383,-0.31055090266762864,-0.4201866485764526,-0.3663902175232652,-0.7753895421676896,-0.6331371228734525,-0.9009819291415246,-0.6096988731170965,Infiltration,1
0.0,-2.2869382792781634,-0.8385874011869888,-0.799909611598482,-0.4393885583120845,-0.562671422584888,-1.0726108893166884,0.7987058497862394,-1.1205693330928101,-1.5458308869578954,-0.5826984540706963,-1.1726039399558574,-0.5849934654815921,-0.5859156840843114,-0.30467388377877713,-0.011791306107152897,-0.3550853199326594,-0.6376592957340457,-0.9621234230040193,-0.03824749186848655,-2.166073120187394,-0.3402515988929316,-0.6808093674803385,-0.924802626853895,-0.18500742706880152,-2.066784283350384,-0.6945485150621342,-0.709175310502964,-0.8951638520253719,-0.8973793380552512,-0.8345229603962803,0.0,0.0,0.0,-0.842280853213661,-0.8493630427962094,-0.010798642452965416,-0.8568123292309067,0.7987058497862394,-0.7459423972507937,-0.8046810417834008,-0.8454575254735813,-0.6121051808466668,0.0,-0.8345229603962803,0.0,-0.41573970964154894,0.41573970964154905,-0.10314212462587932,0.0,0.0,-0.98952850725316,-0.8049753678635246,-1.1205693330928101,-0.5849934654815921,-0.842280853213661,0.0,0.0,0.0,0.0,0.0,0.0,-0.8385874011869888,-0.4393885583120845,-0.799909611598482,-0.562671422584888,-0.4472624953103989,-1.0266364957946341,-0.49336606414302675,-0.6103679378930736,-0.41731116730126383,-0.31055090266762864,-0.4201866485764526,-0.3663902175232652,-0.7753895421676896,-0.6331371228734525,-0.9009819291415246,-0.6096988731170965,Infiltration,1
0.0,0.8538469431924606,2.73753868006683,3.1233227476318572,3.7857048300028775,-0.5525520307265112,-0.37840650871101955,-1.2520253861514021,1.5604165433687793,-0.2664372282090893,-0.540737415878855,-1.1726039399558574,-0.5813241493600388,-0.5825235548479663,-0.02521868637295648,-0.0993411357462257,-0.35329557834237124,-0.6241983584450753,-0.6484200911274242,-0.10632776577154998,0.862667864343607,-0.33825159565089735,-0.6605282990250553,-0.6123314269977579,-0.1851629801432923,0.8424868250071512,-0.6854650916805214,-0.6894153451060523,-0.582404683508122,1.2042855044165732,-0.8345229603962803,0.0,0.0,0.0,1.9095768222695886,2.456294553751612,-0.10285245677563107,3.043358250738216,-1.2520253861514021,-0.5329195764103054,-0.4063357157694323,-0.5372616986710808,-0.5781999671107705,0.0,-0.8345229603962803,0.0,2.405351177211819,-2.405351177211819,-0.10314212462587932,0.0,0.0,1.010582305279823,-0.41105653451303087,1.5604165433687793,-0.5813241493600388,1.9095768222695886,0.0,0.0,0.0,0.0,0.0,0.0,2.73753868006683,3.7857048300028775,3.1233227476318572,-0.5525520307265112,1.5683645914932782,1.4672745938158345,3.6059295210086053,-0.6103679378930736,-0.27083631105450967,-0.14228106489426845,-0.26104712923862233,-0.28021619497595673,-0.4784941040548735,-0.4651100314492814,-0.5920812359078922,-0.3558699276257428,Infiltration,1
0.0,-2.1559778179132043,-0.8301668905808849,-0.789258302025911,-0.4394062482587157,-0.5626441596600466,-1.0758957680892705,-1.2520253861514021,-1.1519295124318114,-1.5458308869578954,-0.581755509392228,0.8528028654224417,-0.5813522684085505,-0.5859156840843114,-0.3949018831584635,-0.10777894368870285,-0.32052160296469234,-0.6087535802536377,-0.945113414272611,-0.09645327118472183,-2.039806255579969,-0.3041650423288769,-0.6508615451344772,-0.9078422000991425,-0.1851348449743213,-1.9454525499221118,-0.5450633460030352,-0.6799833333350658,-0.8781226749736963,2.1070624986055013,-0.8345229603962803,0.0,0.0,0.0,-0.8318148630685676,-0.8403893813027576,-0.10707010849917879,-0.6029654709461891,-1.2520253861514021,-0.7459423972507937,-0.809491778985557,-0.8422657367913838,-0.6121015443663624,0.0,-0.8345229603962803,0.0,2.405351177211819,-2.405351177211819,-0.10314212462587932,0.0,0.0,1.010582305279823,-0.8143008351067851,-1.1519295124318114,-0.5813522684085505,-0.8318148630685676,0.0,0.0,0.0,0.0,0.0,0.0,-0.8301668905808849,-0.4394062482587157,-0.789258302025911,-0.5626441596600466,1.5683645914932782,-1.0258796183774535,-0.49410855564549944,0.9155519068396109,-0.41731116730126383,-0.31055090266762864,-0.4201866485764526,-0.3663902175232652,-0.7753895421676896,-0.6331371228734525,-0.9009819291415246,-0.6096988731170965,Infiltration,1
0.0,0.8533574887478564,1.9945905519744318,2.306012259763238,2.982828912199385,-0.5547215537011174,-0.3789539885064499,0.7987058497862394,1.6208449548385233,0.10049106877990589,-0.581755509392228,0.8528028654224417,-0.5813522684085505,-0.5859156840843114,-0.09557715399446066,-0.10121730508287236,-0.3527178711498625,-0.6352073944636782,-0.9234995560764053,-0.10639493920411344,0.862667864343607,-0.33767365389808496,-0.6778001371870659,-0.8852302084077035,-0.18520325998951698,0.8424868250071512,-0.6830776155272085,-0.7063542140675871,-0.8565817560336912,1.005674565695009,-0.8345229603962803,0.0,0.0,0.0,1.337635379864384,1.7673566486943384,-0.1037888108288286,2.2313333689455925,0.7987058497862394,-0.5330875754803688,-0.397235933543992,-0.5088807654626711,-0.5716679665197796,0.0,-0.8345229603962803,0.0,-0.41573970964154894,0.41573970964154905,-0.10314212462587932,0.0,0.0,-0.98952850725316,-0.4019414628664325,1.6208449548385233,-0.5813522684085505,1.337635379864384,0.0,0.0,0.0,0.0,0.0,0.0,1.9945905519744318,2.982828912199385,2.306012259763238,-0.5547215537011174,0.3245014856391254,1.4672745938158345,2.754291767672449,-0.6103679378930736,-0.41731116730126383,-0.31055090266762864,-0.4201866485764526,-0.3663902175232652,-0.7753895421676896,-0.6331371228734525,-0.9009819291415246,-0.6096988731170965,Infiltration,1
0.0,0.8534018561088706,1.3611090617613844,1.6129670502412814,1.9867905704809787,-0.5564182163904178,-0.44465156395809047,-1.2520253861514021,1.3796097361968553,0.3466456573290987,-0.540737415878855,-1.1726039399558574,-0.5813067266556369,-0.5815902959635516,-0.18251848025824965,-0.10281389508484036,-0.35191873190440387,-0.6230188077322821,-0.636658061613961,-0.10646211263667689,0.862667864343607,-0.33687207537403563,-0.6588444692971692,-0.6006153983107263,-0.18516075361912915,0.8424868250071512,-0.6797796771684197,-0.6877498025288004,-0.5706805783802611,1.0092856736717648,-0.8345229603962803,0.0,0.0,0.0,0.8505182956827467,1.1838293539801454,-0.10458784040606008,1.5422207821845664,-1.2520253861514021,-0.5532474638879861,-0.4331299420151692,-0.5096900955560378,-0.5718622027816915,0.0,-0.8345229603962803,0.0,2.405351177211819,-2.405351177211819,-0.10314212462587932,0.0,0.0,1.010582305279823,-0.43784501455109426,1.3796097361968553,-0.5813067266556369,0.8505182956827467,0.0,0.0,0.0,0.0,0.0,0.0,1.3611090617613844,1.9867905704809787,1.6129670502412814,-0.5564182163904178,1.5683645914932782,1.9842218697502654,2.0281350782541736,-0.6103679378930736,-0.29630157668457,-0.31055090266762864,-0.3374584965933655,-0.1930841530417491,-0.4186423307546161,-0.6331371228734525,-0.5805017697687869,-0.24739145173981286,Infiltration,1
0.0,0.8538995558152561,1.6299176695716244,1.9062331071394045,2.1441382232788153,-0.5557448221468336,-0.3800489480973106,0.7987058497862394,1.2503920918764595,9.165343455095977e-06,-0.581755509392228,0.8528028654224417,-0.5813522684085505,-0.5859156840843114,-0.16864985679676245,-0.10213837604872292,-0.35230685920100524,-0.6348311264545472,-0.9341937134003424,-0.10639493920411344,0.862667864343607,-0.3372619234594841,-0.6774173533461472,-0.8963298708107927,-0.18520346240080454,0.8424868250071512,-0.6813821257925419,-0.7059732344915296,-0.8672425263577899,0.9767857018809634,-0.8345229603962803,0.0,0.0,0.0,1.0570471678792583,1.4305452206401137,-0.10424929892343093,1.8333779154360104,0.7987058497862394,-0.5334235736204958,-0.4522888700329458,-0.5457960240412985,-0.5800517234165624,0.0,-0.8345229603962803,0.0,-0.41573970964154894,0.41573970964154905,-0.10314212462587932,0.0,0.0,-0.98952850725316,-0.4570221330869603,1.2503920918764595,-0.5813522684085505,1.0570471678792583,0.0,0.0,0.0,0.0,0.0,0.0,1.6299176695716244,2.1441382232788153,1.9062331071394045,-0.5557448221468336,0.3245014856391254,1.4672745938158345,2.3362690517803335,-0.6103679378930736,-0.41731116730126383,-0.31055090266762864,-0.4201866485764526,-0.3663902175232652,-0.7753895421676896,-0.6331371228734525,-0.9009819291415246,-0.6096988731170965,Infiltration,1
0.0,-0.23918998029609692,-0.8087917482730828,-0.7629850717469023,-0.42165438681430983,-0.5624939106520314,-0.27657526676097666,-1.2520253861514021,0.15931798618018006,1.1030980766428669,-0.540737415878855,-1.1726039399558574,-0.5781545504657329,-0.550908989451635,-0.3927059109381532,-0.10824117791596498,-0.1953591854095703,-0.20102921297795906,0.019156344307732394,-0.10639493920411344,-0.1923614261801897,-0.17146699952943095,-0.017138878988403224,0.05254264824917689,-0.185212469703101,-0.1709092777373904,-0.05308015405960121,-0.08615609901900075,0.08301928103521448,-0.8937682300784954,-0.8345229603962803,0.0,0.0,0.0,-0.8190563227012154,-0.8178954031591718,-0.10730370742386061,-0.8005118091455019,-1.2520253861514021,-0.5016717493784987,-0.6197722998114625,-0.5156847994146715,-0.573286350305288,0.0,-0.8345229603962803,0.0,2.405351177211819,-2.405351177211819,-0.10314212462587932,0.0,0.0,1.010582305279823,-0.6226935681485929,0.15931798618018006,-0.5781545504657329,-0.8190563227012154,0.0,0.0,0.0,0.0,0.0,0.0,-0.8087917482730828,-0.42165438681430983,-0.7629850717469023,-0.5624939106520314,1.5683645914932782,-0.6186795679342267,-0.45921145502928373,-0.6103679378930736,-0.12008104015976105,0.31560028284001995,0.32857366070281563,-0.36574880493835654,-0.2795908982804908,0.3076363559877067,0.06513346675356449,-0.400032868044649,Infiltration,1
0.0,0.8167166447595757,1.5780991427648312,1.8501362100571968,2.2543819706844332,-0.5558884068843319,-0.3800489480973106,0.7987058497862394,1.4065825564085968,0.14335496245391238,-0.581755509392228,0.8528028654224417,-0.5813522684085505,-0.5859156840843114,-0.15634114545188502,-0.10219520672821883,-0.3522774753442116,-0.6352395333298964,-0.946688393519772,-0.10626059233898652,0.8374279291636119,-0.33723224435201626,-0.6782470249616118,-0.9088414801681476,-0.18520386722337967,0.8182428991041717,-0.6812599809110343,-0.7067479805881112,-0.8796943997366479,1.0851189411836348,-0.8345229603962803,0.0,0.0,0.0,1.0171767292312832,1.3832839367746008,-0.10427811484897553,1.809172519054273,0.7987058497862394,-0.5334235736204958,-0.4291237867998331,-0.5230488743320655,-0.5750007006130886,0.0,-0.8345229603962803,0.0,-0.41573970964154894,0.41573970964154905,-0.10314212462587932,0.0,0.0,-0.98952850725316,-0.43384134278443603,1.4065825564085968,-0.5813522684085505,1.0171767292312832,0.0,0.0,0.0,0.0,0.0,0.0,1.5780991427648312,2.2543819706844332,1.8501362100571968,-0.5558884068843319,0.49795156757019654,1.9842218697502654,2.2768697315825195,-0.6103679378930736,-0.41731116730126383,-0.31055090266762864,-0.4201866485764526,-0.3663902175232652,-0.7753895421676896,-0.6331371228734525,-0.9009819291415246,-0.6096988731170965,Infiltration,1
0.0,0.8538727783460422,0.6188086652540712,0.7977868242871765,0.9305444954032946,-0.5585819838586685,-0.37950146830188025,0.7987058497862394,1.004913704030775,0.3648512371487126,-0.581755509392228,0.8528028654224417,-0.5813522684085505,-0.5859156840843114,-0.27488228907228457,-0.10468872793957394,-0.3500943647576593,-0.5803012224769928,0.04576915237043642,-0.10639493920411344,0.862667864343607,-0.33504580072789003,-0.5940479062202367,0.07904875087530532,-0.18520143828792893,0.8424868250071512,-0.672243639177648,-0.6246810221099885,0.10954628125380665,0.8215080588804679,-0.8345229603962803,0.0,0.0,0.0,0.27907523376064197,0.496686181221562,-0.1055243432577441,0.7314793674429875,0.7987058497862394,-0.5332555745504323,-0.4887452062972116,-0.5350745477695112,-0.5777170342589366,0.0,-0.8345229603962803,0.0,-0.41573970964154894,0.41573970964154905,-0.10314212462587932,0.0,0.0,-0.98952850725316,-0.4934718955727209,1.004913704030775,-0.5813522684085505,0.27907523376064197,0.0,0.0,0.0,0.0,0.0,0.0,0.6188086652540712,0.9305444954032946,0.7977868242871765,-0.5585819838586685,0.3245014856391254,1.4672745938158345,1.1772398164204896,-0.6103679378930736,4.617641830531727,1.9965355031799927,3.8348243648762272,5.141643123875758,-0.06814735897565594,0.7964696342194856,0.09133320630326182,-0.2986742880837184,Infiltration,1
0.0,0.8378852157519179,-0.09045742041391135,0.021661400099165503,0.03178022188540053,-0.5605685423154498,-0.3800489480973106,0.7987058497862394,0.2919849392394208,0.11544680429987693,-0.581755509392228,0.8528028654224417,-0.5813522684085505,-0.5859156840843114,-0.35329597577459726,-0.10646646401677366,-0.3450375075673051,-0.5551429134949248,-0.13719390306065374,-0.10639493920411344,0.8374279291636119,-0.32997316944905225,-0.5561105196311945,-0.1031807046793276,-0.18517725013906539,0.8182428991041717,-0.6513634154515725,-0.5877689295899939,-0.07282684524901452,0.7781747631593994,1.1982893790305564,0.0,0.0,0.0,-0.26665139523351883,-0.1571946196012932,-0.10641393639005628,-0.03589884664417714,0.7987058497862394,-0.5334235736204958,-0.5947938637670729,-0.6035079368235322,-0.5912092003151971,0.0,1.1982893790305564,0.0,-0.41573970964154894,0.41573970964154905,-0.10314212462587932,0.0,0.0,1.010582305279823,-0.599551122146855,0.2919849392394208,-0.5813522684085505,-0.26665139523351883,0.0,0.0,0.0,0.0,0.0,0.0,-0.09045742041391135,0.03178022188540053,0.021661400099165503,-0.5605685423154498,-0.4472624953103989,1.9842218697502654,0.36421162121291156,-0.6103679378930736,0.8660570666996996,1.4441591072407605,1.7574958748179614,0.41894664790536895,-0.2795908982804908,0.26092152496044063,-0.08879000310090733,-0.4107523460996825,Infiltration,1
0.0,0.8539345261953829,0.33834088891230274,0.490319021292292,0.281730322810894,-0.5593689736224254,-0.3800489480973106,0.7987058497862394,0.2536869406305467,0.1185465223061674,-0.581755509392228,0.8528028654224417,-0.5813522684085505,-0.5859156840843114,-0.331371390552685,-0.10539623371342176,-0.3488071873794219,-0.5677629643408436,0.1422405815977385,-0.10632776577154998,0.862667864343607,-0.33375669796990426,-0.5751376208687642,0.17844663572328692,-0.1852036648120921,0.8424868250071512,-0.6669209968489924,-0.6062067989775862,0.20570665704620328,0.8215080588804679,-0.8345229603962803,0.0,0.0,0.0,0.06327648457847611,0.23764648611058642,-0.10587805965136174,0.425796238406032,0.7987058497862394,-0.5334235736204958,-0.6003981800770557,-0.6053532355612983,-0.5915267233599978,0.0,-0.8345229603962803,0.0,-0.41573970964154894,0.41573970964154905,-0.10314212462587932,0.0,0.0,-0.98952850725316,-0.6051942450928338,0.2536869406305467,-0.5813522684085505,0.06327648457847611,0.0,0.0,0.0,0.0,0.0,0.0,0.33834088891230274,0.281730322810894,0.490319021292292,-0.5593689736224254,0.3245014856391254,1.4672745938158345,0.8557409958498218,-0.6103679378930736,0.44342099576663124,0.596563424860095,0.5186561419714472,-0.19628974435433125,-0.23948953737784967,0.8518092506230831,0.18630726217091464,-0.4205725117498475,Infiltration,1
0.0,-0.47131574652646446,-0.1720716001346107,-0.06780960031043137,0.014545791379957162,-0.5607975508841181,-0.3800489480973106,0.7987058497862394,0.4091798094720201,0.14624465176088605,-0.581755509392228,0.8528028654224417,-0.5813522684085505,-0.5859156840843114,-0.32584460766872386,-0.10545256628500119,-0.3486764316477121,-0.5967142534118295,-0.499793412914996,-0.10622700562270479,-0.4169968492821464,-0.33362216140411505,-0.6189937034686447,-0.4643263529603274,-0.1851755296431211,-0.38425582568360966,-0.6663868767260008,-0.649039117983792,-0.43425722322733284,0.7709525472058879,1.1982893790305564,0.0,0.0,0.0,-0.3294473361040798,-0.2325733761462884,-0.10590703984391164,0.40216322471845045,0.7987058497862394,-0.5334235736204958,-0.5773898867371219,-0.5935890181538124,-0.5894607861889085,0.0,1.1982893790305564,0.0,-0.41573970964154894,0.41573970964154905,-0.10314212462587932,0.0,0.0,1.010582305279823,-0.5821184088830966,0.4091798094720201,-0.5813522684085505,-0.3294473361040798,0.0,0.0,0.0,0.0,0.0,0.0,-0.1720716001346107,0.014545791379957162,-0.06780960031043137,-0.5607975508841181,-0.4472624953103989,1.9842218697502654,0.27065769190135464,-0.6103679378930736,1.990071607172819,-0.31055090266762864,1.2256194981363764,3.0813863778562762,-0.26865416348886134,-0.6331371228734525,-0.4457614544655335,-0.09506559079218933,Infiltration,1
0.0,0.7596545122506895,-0.5134261454743613,-0.4420256099600945,-0.1866581874410546,-0.5617553883102149,-0.5136340181823131,0.7987058497862394,0.6261013963996763,-0.08716001511161119,-0.581755509392228,0.8528028654224417,-0.5813522684085505,-0.5859156840843114,-0.37222696210651707,-0.10751755951024869,-0.33207420564450957,-0.3920110601382454,0.697782949906685,-0.10632776577154998,-0.48766866778613277,-0.32702945369436753,-0.4417596049133376,0.4501341876411033,-0.18520417084031102,0.7455111213952333,-0.5977980555997618,-0.3471465826815661,0.7594577866093148,0.9984523497414977,-0.8345229603962803,0.0,0.0,0.0,-0.5920938506976166,-0.5478480166162286,-0.10693942989795087,-0.49003248852192144,0.7987058497862394,-0.574415346715984,-0.5453674865978169,-0.5998836213603296,-0.5905784833422629,0.0,-0.8345229603962803,0.0,-0.41573970964154894,0.41573970964154905,-0.10314212462587932,0.0,0.0,1.010582305279823,-0.5499281561408349,0.6261013963996763,-0.5813522684085505,-0.5920938506976166,0.0,0.0,0.0,0.0,0.0,0.0,-0.5134261454743613,-0.1866581874410546,-0.4420256099600945,-0.5617553883102149,0.3245014856391254,1.4672745938158345,-0.12063532990174446,-0.6103679378930736,2.797425586417176,-0.31055090266762864,1.7775666814851911,4.237652918989658,0.7375254373410423,-0.6331371228734525,0.4581295599990245,0.9267961784284896,Infiltration,1
0.0,-0.01688479200518658,0.3098406991685665,0.460495354489093,0.7182164884756987,-0.5594453098119815,-0.37840650871101955,0.7987058497862394,1.1604052134084737,0.02955636885654979,-0.581755509392228,0.8528028654224417,-0.5813522684085505,-0.5859156840843114,-0.254669852994345,-0.10435404367352745,-0.35054468751366863,-0.5774210228620877,-0.004129862747133624,-0.10575679159476059,0.022178022849768962,-0.33549456202355293,-0.5896494918096001,0.032663071279580576,-0.18517107659479476,0.03516409243793504,-0.6741051786158115,-0.6204217762083339,0.05980815584394634,1.0020634577182534,1.1982893790305564,0.0,0.0,0.0,0.04134774332208974,0.21252023392892136,-0.10535783522456633,0.8767881062296319,0.7987058497862394,-0.5329195764103054,-0.4657644536009106,-0.5507329791941035,-0.5810991914334485,0.0,1.1982893790305564,0.0,-0.41573970964154894,0.41573970964154905,-0.10314212462587932,0.0,0.0,1.010582305279823,-0.4704537830726728,1.1604052134084737,-0.5813522684085505,0.04134774332208974,0.0,0.0,0.0,0.0,0.0,0.0,0.3098406991685665,0.7182164884756987,0.460495354489093,-0.5594453098119815,-0.4472624953103989,1.9842218697502654,0.8230713697410241,-0.6103679378930736,2.973575545525036,4.971462710720347,3.754541138207309,0.6111795342835573,-0.14105892425318517,0.8610325200236827,0.04220869464757932,-0.3892689982410178,Infiltration,1
0.0,-2.2869908919009587,-0.8385874011869888,-0.799909611598482,-0.4393885583120845,-0.562671422584888,-1.0726108893166884,0.7987058497862394,-1.1205693330928101,-1.5458308869578954,-0.5826984540706963,-1.1726039399558574,-0.5849934654815921,-0.5859156840843114,8.790907258572593,9.69401306887138,-0.3554926348863265,-0.6376592957340457,-0.9621902876842768,-0.10575679159476059,-2.1661238524571056,-0.3404556624372299,-0.6808093674803385,-0.9248692234367432,-0.18521085041280053,-2.066784283350384,-0.6945485150621342,-0.709175310502964,-0.8951638520253719,-0.8973793380552512,-0.8345229603962803,0.0,0.0,0.0,-0.842280853213661,-0.8493630427962094,9.694004047131903,-0.8568123292309067,0.7987058497862394,-0.7459423972507937,-0.8046810417834008,-0.8454575254735813,-0.6121051808466668,0.0,-0.8345229603962803,0.0,-0.41573970964154894,0.41573970964154905,9.695359714832657,0.0,0.0,-0.98952850725316,-0.8049753678635246,-1.1205693330928101,-0.5849934654815921,-0.842280853213661,0.0,0.0,0.0,0.0,0.0,0.0,-0.8385874011869888,-0.4393885583120845,-0.799909611598482,-0.562671422584888,-0.3753937205131908,-1.0266364957946341,-0.49336606414302675,-0.6103679378930736,-0.41731116730126383,-0.31055090266762864,-0.4201866485764526,-0.3663902175232652,-0.7753895421676896,-0.6331371228734525,-0.9009819291415246,-0.6096988731170965,Infiltration,1
0.0,-2.181176751390595,-0.8385874011869888,-0.7991995242936439,-0.4392573578745698,-0.5626696050565653,-1.0238851875233883,0.7987058497862394,-0.8879813363285506,-1.1515407107440865,-0.581755509392228,0.8528028654224417,-0.5813522684085505,-0.5859156840843114,-0.394771939944602,-0.1082937294119584,0.05409983756895414,-0.2951803469598646,-0.827730472119888,-0.08829169912826183,-2.064105094536843,0.06990069347568348,-0.6808093674803385,-0.7909485314886172,0.22385811111136664,-2.066784283350384,-0.6945485150621342,-0.709175310502964,-0.8951638520253719,-0.8973793380552512,-0.8345229603962803,0.0,0.0,0.0,-0.842280853213661,-0.848764798696646,-0.10731535194652994,-0.8358590959744736,0.7987058497862394,-0.7309904800151443,-0.7701163961094077,-0.79885829505254,-0.6113300581251607,0.0,-0.8345229603962803,0.0,-0.41573970964154894,0.41573970964154905,-0.10314212462587932,0.0,0.0,-0.98952850725316,-0.7604203576960993,-0.8879813363285506,-0.5813522684085505,-0.842280853213661,0.0,0.0,0.0,0.0,0.0,0.0,-0.8385874011869888,-0.4392573578745698,-0.7991995242936439,-0.5626696050565653,-0.4472624953103989,-1.0258796183774535,-0.49336606414302675,-0.6103679378930736,-0.41731116730126383,-0.31055090266762864,-0.4201866485764526,-0.3663902175232652,-0.7753895421676896,-0.6331371228734525,-0.9009819291415246,-0.6096988731170965,Infiltration,1
0.0,-1.7923409115326172,-0.8347010116764794,-0.799909611598482,-0.4285475693515995,-0.562671422584888,-0.27657526676097666,0.7987058497862394,3.660551341965762,2.4278270396889083,-0.5826984540706963,-1.1726039399558574,-0.5849934654815921,-0.5859156840843114,-0.38920948760607565,-0.10832497699675026,0.19157068985228093,-0.22347807115701573,-0.6428202905868902,9.694645499115891,-1.6890895823539014,-0.06637861224126008,-0.23773098265857526,-0.6067797569353436,-0.15567965079148263,-2.066784283350384,-0.6945485150621342,-0.709175310502964,-0.8951638520253719,-0.8973793380552512,1.1982893790305564,0.0,0.0,0.0,-0.8392905703150628,-0.8493630427962094,-0.10732235060641118,-0.8568123292309067,0.7987058497862394,-0.5016717493784987,0.46778121991557675,-0.15536101922251275,-0.442111555362443,0.0,1.1982893790305564,0.0,-0.41573970964154894,0.41573970964154905,-0.10314212462587932,0.0,0.0,-0.98952850725316,0.6237639260310099,3.660551341965762,-0.5849934654815921,-0.8392905703150628,0.0,0.0,0.0,0.0,0.0,0.0,-0.8347010116764794,-0.4285475693515995,-0.799909611598482,-0.562671422584888,-0.4472624953103989,-1.0266364957946341,-0.4889111151281907,-0.6103679378930736,0.9474104940952468,-0.31055090266762864,0.512804698995683,1.5881204873222836,-0.4253954363864035,-0.6331371228734525,-0.5865683522111937,-0.2542498102902552,Infiltration,1
0.0,-0.5411991825791169,-0.8191554536344414,-0.7757666432339876,-0.4218666661738842,-0.5625320787468094,-0.27657526676097666,-1.2520253861514021,0.7914216009819248,1.6203632476556382,-0.540737415878855,-1.1726039399558574,-0.5767829230648442,-0.5426493050734396,-0.3923403787668659,-0.10826947289102021,-0.1475655153242883,-0.004833169493417016,0.2686514198955826,-0.10636135248783171,-0.48262068075013376,-0.12203204114430831,0.2870054826405426,0.30103736036913087,-0.185212469703101,-0.4497144256216542,0.15060620189979712,0.2065095401708883,0.3317099080845161,-0.8901571221017397,-0.8345229603962803,0.0,0.0,0.0,-0.8270304104308105,-0.8286637969513139,-0.10731681735021942,-0.8136322667963886,-1.2520253861514021,-0.5016717493784987,-0.5274682940442852,-0.4351284831774249,-0.5520047629200892,0.0,-0.8345229603962803,0.0,2.405351177211819,-2.405351177211819,-0.10314212462587932,0.0,0.0,1.010582305279823,-0.5279430531574512,0.7914216009819248,-0.5767829230648442,-0.8270304104308105,0.0,0.0,0.0,0.0,0.0,0.0,-0.8191554536344414,-0.4218666661738842,-0.7757666432339876,-0.5625320787468094,1.5683645914932782,-0.6534959291245398,-0.4710913190688465,-0.6103679378930736,-0.3620689254170805,-0.2371754303332198,-0.34685323977816235,-0.3651029775175635,0.0157009410935027,0.7411300178158879,0.31075602503197697,-0.34058361603774434,Infiltration,1
0.0,0.3214201835167042,-0.8301668905808849,-0.789258302025911,-0.431876227642703,-0.5626441596600466,-0.27657526676097666,0.7987058497862394,0.6279348881008385,1.3124172121938729,-0.581755509392228,0.8528028654224417,-0.5813522684085505,-0.5859156840843114,-0.3943785715074442,-0.10833696392920676,0.34083879684013335,1.555469052678326,2.3145110397159545,-0.10632776577154998,0.35029718018970574,0.38217978801417446,2.6909677846008675,2.338693999752754,-0.1852125709087448,0.35033512917666804,2.2819575447278653,2.5773828788449005,2.3709730498887893,-0.8829349061482282,1.1982893790305564,0.0,0.0,0.0,-0.835801906933365,-0.8403893813027576,-0.107349089824204,-0.8440622747053528,0.7987058497862394,-0.5016717493784987,-0.5505137596799706,-0.47446295860531373,-0.5629750322299112,0.0,1.1982893790305564,0.0,-0.41573970964154894,0.41573970964154905,-0.10314212462587932,0.0,0.0,1.010582305279823,-0.546556308870698,0.6279348881008385,-0.5813522684085505,-0.835801906933365,0.0,0.0,0.0,0.0,0.0,0.0,-0.8301668905808849,-0.431876227642703,-0.789258302025911,-0.5626441596600466,-0.4472624953103989,-0.5323955423756247,-0.483713674610882,-0.6103679378930736,-0.3335936973607646,-0.31055090266762864,-0.36295323805434726,-0.24649273526754067,2.815505047750626,-0.6331371228734525,2.3248610029149592,3.037162875732066,Infiltration,1
0.0,0.34259639773584055,-0.8230418431449509,-0.7814473416726921,-0.430891487280233,-0.5626241668484961,-0.5273210130680716,0.7987058497862394,0.009201230515007009,0.36235755155174393,-0.581755509392228,0.8528028654224417,-0.5813522684085505,-0.5859156840843114,-0.3942731410235399,-0.10831573511658348,0.043673321701802624,0.39964934871409286,0.8607863992907471,-0.10521940413425294,0.3578691607437043,0.06750562909825797,0.87046453138592,0.8907981438004884,-0.18516601631260574,0.3576083069475619,0.9858292913368422,0.8028913849764717,0.921935662948192,1.0092856736717648,1.1982893790305564,0.0,0.0,0.0,-0.8303197216192685,-0.8338086962075596,-0.1073384765133498,-0.8348902079943704,0.7987058497862394,-0.578615323467571,-0.6390755738285885,-0.5967856648340549,-0.590031931631061,0.0,1.1982893790305564,0.0,-0.41573970964154894,0.41573970964154905,-0.10314212462587932,0.0,0.0,1.010582305279823,-0.6405841183351482,0.009201230515007009,-0.5813522684085505,-0.8303197216192685,0.0,0.0,0.0,0.0,0.0,0.0,-0.8230418431449509,-0.430891487280233,-0.7814473416726921,-0.5626241668484961,-0.4472624953103989,-0.35982749125842084,-0.47554626808368256,-0.6103679378930736,-0.3338730907632343,-0.3095143349003426,-0.3625726955599366,-0.2477818673457643,0.41671455011991354,1.128507332641071,0.8937002300127426,0.18261423780038646,Infiltration,1
0.0,-0.462183451629997,-0.8269282326554603,-0.7857078655017206,-0.43389730404531723,-0.5626350720184327,-0.689922512310882,0.7987058497862394,-0.17532126084974625,-0.12260190169515738,-0.581755509392228,0.8528028654224417,-0.5813522684085505,-0.5859156840843114,-0.39433013554582036,-0.1083102310514551,0.00674044093217508,0.4400925512702804,0.8674396013064231,-0.10532016428309812,-0.40690087521014834,0.03205070514361405,0.9602076495021498,0.8974246694570205,-0.18517067177221963,-0.37698264791271585,0.8397944096577769,0.8903663177728027,0.92856741300284,1.0165078896252762,1.1982893790305564,0.0,0.0,0.0,-0.8333100045178665,-0.8373981608049403,-0.10733572476480852,-0.8325121356341838,0.7987058497862394,-0.6285110472764236,-0.6664982379796828,-0.6558735344552746,-0.5992754867318706,0.0,1.1982893790305564,0.0,-0.41573970964154894,0.41573970964154905,-0.10314212462587932,0.0,0.0,1.010582305279823,-0.6676967188200275,-0.17532126084974625,-0.5813522684085505,-0.8333100045178665,0.0,0.0,0.0,0.0,0.0,0.0,-0.8269282326554603,-0.43389730404531723,-0.7857078655017206,-0.5626350720184327,-0.4472624953103989,-0.2213189239143493,-0.4800012170985186,-0.6103679378930736,-0.3354632355934294,-0.31054861304455145,-0.36423054419064976,-0.24917190995848681,0.46410706755030756,2.106173889104629,0.900250164900167,-0.12838717022329843,Infiltration,1
0.0,-1.658602608385789,-0.8172122588791866,-0.7750565559291495,-0.4196259396005993,-0.5626078090935912,-0.27657526676097666,0.7987058497862394,0.8518366132923767,1.5841146709527438,-0.581755509392228,0.8528028654224417,-0.5813522684085505,-0.5859156840843114,-0.386486038401365,-0.1080806524444269,-0.2849917145203504,-0.36630343841859364,-0.3467697665544479,-0.10642852592039516,-1.5603659129359262,-0.2687744218833756,-0.2692636293808309,-0.31191626286008894,-0.1852125709087448,-1.4849300616788772,-0.39929393693651155,-0.30802853677183245,-0.28172697197042784,-0.8973793380552512,1.1982893790305564,0.0,0.0,0.0,-0.8258342972713713,-0.8284244993114885,-0.10722094730809911,-0.7333209874318972,0.7987058497862394,-0.5016717493784987,-0.5150359844198283,-0.4303003847693397,-0.5505821101728582,0.0,1.1982893790305564,0.0,-0.41573970964154894,0.41573970964154905,-0.10314212462587932,0.0,0.0,1.010582305279823,-0.5155750344143407,0.8518366132923767,-0.5813522684085505,-0.8258342972713713,0.0,0.0,0.0,0.0,0.0,0.0,-0.8172122588791866,-0.4196259396005993,-0.7750565559291495,-0.5626078090935912,-0.4472624953103989,0.05494133335661307,-0.4688638445614285,-0.6103679378930736,0.3112698713547517,-0.31055090266762864,0.07790744950915149,0.6770602381128542,-0.1009575633505441,-0.6331371228734525,-0.29511295205477384,0.07524470407792383,Infiltration,1
0.0,0.327717626535557,-0.8301668905808849,-0.789258302025911,-0.43193961661813146,-0.5626441596600466,-0.27657526676097666,0.7987058497862394,0.6129516916539844,1.3233143939929553,-0.581755509392228,0.8528028654224417,-0.5813522684085505,-0.5859156840843114,-0.3943870854243428,-0.10833703500332012,0.3425199475666776,1.555469052678326,2.3244908427394684,-0.10632776577154998,0.35534516722570475,0.3839271419099541,2.7037882300460434,2.348633788237552,-0.185212469703101,0.35518391435726393,2.2891428104794898,2.589879297815805,2.3809206749707617,-0.886546014124984,1.1982893790305564,0.0,0.0,0.0,-0.835801906933365,-0.8403893813027576,-0.10734912535759308,-0.8440929828057375,0.7987058497862394,-0.5016717493784987,-0.5526685689361983,-0.47408756609564845,-0.5628755568099434,0.0,1.1982893790305564,0.0,-0.41573970964154894,0.41573970964154905,-0.10314212462587932,0.0,0.0,1.010582305279823,-0.5487840594824265,0.6129516916539844,-0.5813522684085505,-0.835801906933365,0.0,0.0,0.0,0.0,0.0,0.0,-0.8301668905808849,-0.43193961661813146,-0.789258302025911,-0.5626441596600466,-0.4472624953103989,0.07310639136895032,-0.483713674610882,-0.6103679378930736,-0.33365432230502423,-0.31055090266762864,-0.3629946842701151,-0.24657956037326578,2.8264417825422554,-0.6331371228734525,2.3346859052460958,3.048270068875769,Infiltration,1
0.0,0.35898117254435435,-0.8236895747300358,-0.7821574289775303,-0.43082514998036603,-0.5626259843768189,-0.429322129686041,0.7987058497862394,0.0650545137836987,0.7663638608597515,-0.581755509392228,0.8528028654224417,-0.5813522684085505,-0.5859156840843114,-0.39427283233573635,-0.10831798872128151,0.06255469352595067,0.42587359309525685,0.8674396013064231,-0.10542092443194331,0.3831090959236994,0.0871522272365742,0.908925867721447,0.8974246694570205,-0.1851682428367689,0.3818522328505414,1.066745586062086,0.8403806418891849,0.92856741300284,0.9117857582993607,1.1982893790305564,0.0,0.0,0.0,-0.8308181021023682,-0.834406940307123,-0.10733960319940743,-0.8358638947001444,0.7987058497862394,-0.5485434899262087,-0.6310277745945925,-0.5522956137020473,-0.5814271083680255,0.0,1.1982893790305564,0.0,-0.41573970964154894,0.41573970964154905,-0.10314212462587932,0.0,0.0,1.010582305279823,-0.6322366296275295,0.0650545137836987,-0.5813522684085505,-0.8308181021023682,0.0,0.0,0.0,0.0,0.0,0.0,-0.8236895747300358,-0.43082514998036603,-0.7821574289775303,-0.5626259843768189,-0.4472624953103989,0.07310639136895032,-0.47628875958615524,-0.6103679378930736,-0.33365755172094125,-0.3075264898510535,-0.3617194855685127,-0.2500435247002212,0.42400570664766646,1.128507332641071,0.900250164900167,0.19742382865865718,Infiltration,1
0.0,-0.5092300777407401,-0.8269282326554603,-0.7857078655017206,-0.43389582988309794,-0.5626350720184327,-0.689922512310882,0.7987058497862394,-0.17505992602192116,-0.12216847730738879,-0.581755509392228,0.8528028654224417,-0.5813522684085505,-0.5859156840843114,-0.39430749399523585,-0.10830874263912868,-0.0025986428990820024,0.42981971230195565,0.8607863992907471,-0.10535375099937985,-0.4523327585341396,0.02244659524521149,0.9473872040569741,0.8907981438004884,-0.18516854645370023,-0.42062171453807884,0.8002359126031768,0.8778698988018983,0.921935662948192,1.0165078896252762,1.1982893790305564,0.0,0.0,0.0,-0.8333100045178665,-0.8373981608049403,-0.10733498063545094,-0.83186905599551,0.7987058497862394,-0.6285110472764236,-0.6664603485257884,-0.6558170702201322,-0.5992678434092539,0.0,1.1982893790305564,0.0,-0.41573970964154894,0.41573970964154905,-0.10314212462587932,0.0,0.0,1.010582305279823,-0.6676578627065138,-0.17505992602192116,-0.5813522684085505,-0.8333100045178665,0.0,0.0,0.0,0.0,0.0,0.0,-0.8269282326554603,-0.43389582988309794,-0.7857078655017206,-0.5626350720184327,-0.4472624953103989,0.07310639136895032,-0.4800012170985186,-0.6103679378930736,-0.3341570102508283,-0.3081767066375536,-0.36250585977373473,-0.2490434592572809,0.43129686317541943,2.1891833137100254,0.8937002300127426,-0.18762553365638127,Infiltration,1
0.0,-1.632345166523707,-0.8178599904642715,-0.7771868178436637,-0.4194991616497424,-0.5626132616785595,-0.27657526676097666,0.7987058497862394,0.9239913787761176,1.6460890943097992,-0.581755509392228,0.8528028654224417,-0.5813522684085505,-0.5859156840843114,-0.3867930074563337,-0.10810779413365221,-0.2775255755506114,-0.3445886272486492,-0.31683035748390587,-0.10639493920411344,-1.535125977755931,-0.26351582426713543,-0.24283108918929874,-0.2820968974056945,-0.1852125709087448,-1.4606861357758978,-0.3571841811557788,-0.2690059799983095,-0.2518840967245117,-0.8937682300784954,1.1982893790305564,0.0,0.0,0.0,-0.826332677754471,-0.8302192316101789,-0.10723059776442619,-0.7484345617773681,0.7987058497862394,-0.5016717493784987,-0.4956106229477401,-0.4156899645916133,-0.5461756110306015,0.0,1.1982893790305564,0.0,-0.41573970964154894,0.41573970964154905,-0.10314212462587932,0.0,0.0,-0.98952850725316,-0.4955865075953364,0.9239913787761176,-0.5813522684085505,-0.826332677754471,0.0,0.0,0.0,0.0,0.0,0.0,-0.8178599904642715,-0.4194991616497424,-0.7771868178436637,-0.5626132616785595,-0.4472624953103989,0.07310639136895032,-0.4696063360639012,-0.6103679378930736,0.32338781420831175,-0.31055090266762864,0.0861918756691172,0.6944151682044257,-0.06814735897565594,-0.6331371228734525,-0.26563824506136435,0.10856628350903293,Infiltration,1
0.0,0.4559416294801595,-0.8301668905808849,-0.789258302025911,-0.43193814245591217,-0.5626441596600466,-0.5087067000234401,0.7987058497862394,0.6133001377426381,0.9737130988048391,-0.581755509392228,0.8528028654224417,-0.5813522684085505,-0.5859156840843114,-0.3944238738454988,-0.10833841119016362,0.3767503286761802,1.6633278239117213,2.497474095147045,-0.10431256279464628,0.48406883664367995,0.41945000734957194,2.870454020833327,2.5209234553073867,-0.18516773680855,0.4788279364624592,2.4354678853703398,2.7523327444375627,2.5533461763916105,1.4606741707662287,1.1982893790305564,0.0,0.0,0.0,-0.835801906933365,-0.8403893813027576,-0.10734981338000031,-0.8446875745881101,0.7987058497862394,-0.5729033550854128,-0.5526184571905735,-0.5087549992709159,-0.5716377411371912,0.0,1.1982893790305564,0.0,-0.41573970964154894,0.41573970964154905,-0.10314212462587932,0.0,0.0,1.010582305279823,-0.5487322512274587,0.6133001377426381,-0.5813522684085505,-0.835801906933365,0.0,0.0,0.0,0.0,0.0,0.0,-0.8301668905808849,-0.43193814245591217,-0.789258302025911,-0.5626441596600466,-0.4472624953103989,0.07310639136895032,-0.483713674610882,-0.6103679378930736,-0.33340800594553843,-0.31055090266762864,-0.36282629020217705,-0.24622679396308,3.0160118522638313,-0.6331371228734525,2.5049842123191284,3.240794750033288,Infiltration,1
0.0,0.3577550366788754,-0.8230418431449509,-0.7814473416726921,-0.430841365764778,-0.5626241668484961,-0.43151204886776234,0.7987058497862394,0.016036141356378777,0.4873983656836811,-0.581755509392228,0.8528028654224417,-0.5813522684085505,-0.5859156840843114,-0.3942731707033194,-0.10831602593181532,0.045974395047682665,0.40512846128072566,0.8674396013064231,-0.10538733771566158,0.3831090959236994,0.06985767972322161,0.8832849768310956,0.8974246694570205,-0.18517127900608232,0.3818522328505414,0.9955120748905664,0.8153878039473761,0.92856741300284,1.0092856736717648,1.1982893790305564,0.0,0.0,0.0,-0.8303197216192685,-0.8338086962075596,-0.10733862190595897,-0.8350158568827201,0.7987058497862394,-0.5492154862064625,-0.6380790100035307,-0.5835141591911073,-0.5876129813787041,0.0,1.1982893790305564,0.0,-0.41573970964154894,0.41573970964154905,-0.10314212462587932,0.0,0.0,1.010582305279823,-0.6395678816038676,0.016036141356378777,-0.5813522684085505,-0.8303197216192685,0.0,0.0,0.0,0.0,0.0,0.0,-0.8230418431449509,-0.430841365764778,-0.7814473416726921,-0.5626241668484961,-0.4472624953103989,0.07310639136895032,-0.47554626808368256,-0.6103679378930736,-0.33535950283483945,-0.30834099390635594,-0.36289623696341233,-0.25044506453541476,0.42400570664766646,1.128507332641071,0.900250164900167,0.19001903322952182,Infiltration,1
0.0,-0.46824076121525454,-0.8269282326554603,-0.7857078655017206,-0.433901726531975,-0.5626350720184327,-0.689922512310882,0.7987058497862394,-0.1761052653332213,-0.1238946865878216,-0.581755509392228,0.8528028654224417,-0.5813522684085505,-0.5859156840843114,-0.3943279755169121,-0.10831004373543182,0.005538022668994898,0.43888931273399195,0.8674396013064231,-0.10532016428309812,-0.4119488622461474,0.030814060877101618,0.9602076495021498,0.8974246694570205,-0.1851577174498157,-0.38183143309331175,0.8346973363835,0.8903663177728027,0.92856741300284,1.1753966406025276,1.1982893790305564,0.0,0.0,0.0,-0.8333100045178665,-0.8373981608049403,-0.10733563111646285,-0.8324312043502808,0.7987058497862394,-0.6285110472764236,-0.6666119063102967,-0.6560421807352764,-0.5992983021330405,0.0,1.1982893790305564,0.0,-0.41573970964154894,0.41573970964154905,-0.10314212462587932,0.0,0.0,1.010582305279823,-0.6678132871605682,-0.1761052653332213,-0.5813522684085505,-0.8333100045178665,0.0,0.0,0.0,0.0,0.0,0.0,-0.8269282326554603,-0.433901726531975,-0.7857078655017206,-0.5626350720184327,-0.4472624953103989,0.07310639136895032,-0.4800012170985186,-0.6103679378930736,-0.3340098516391569,-0.3079848076041357,-0.36233796747596336,-0.2489736628042525,0.4604614892864311,2.1246204279058283,0.900250164900167,-0.1357919656524338,Infiltration,1
0.0,0.799695309566104,-0.8107349430283375,-0.7715061194049592,-0.416182296656393,-0.5625987214519774,-0.27657526676097666,0.7987058497862394,0.6778788776508048,1.621860574736072,-0.581755509392228,0.8528028654224417,-0.5813522684085505,-0.5859156840843114,-0.39310065156627083,-0.10829581757503527,-0.07101542300621716,0.5967244194925897,2.1248947822691884,-0.10639493920411344,0.8121879939836167,-0.06836713878915485,1.1396938857346093,2.1498380185415886,-0.18521277332003236,0.7939989732011923,0.5698604477691105,1.1777839541036046,2.18196817333132,-0.8937682300784954,1.1982893790305564,0.0,0.0,0.0,-0.8208504924403743,-0.8254332788136712,-0.10732644085405897,-0.8280804294250184,0.7987058497862394,-0.5016717493784987,-0.5244427805470689,-0.4238614400800824,-0.5486589074601053,0.0,1.1982893790305564,0.0,-0.41573970964154894,0.41573970964154905,-0.10314212462587932,0.0,0.0,-0.98952850725316,-0.5258513336026733,0.6778788776508048,-0.5813522684085505,-0.8208504924403743,0.0,0.0,0.0,0.0,0.0,0.0,-0.8107349430283375,-0.416182296656393,-0.7715061194049592,-0.5625987214519774,-0.4472624953103989,0.07310639136895032,-0.46143892953670174,-0.6103679378930736,0.020561446903442075,0.2940625651246617,0.09116612403949004,-0.18340178725657835,1.2551975508115,4.209079312441338,2.1381878586233656,0.07894710179249151,Infiltration,1
0.0,0.32827278132007004,-0.8230418431449509,-0.7814473416726921,-0.4295676896073318,-0.5626241668484961,-0.4386292862083568,0.7987058497862394,0.1897232883038723,0.7473926066200514,-0.581755509392228,0.8528028654224417,-0.5813522684085505,-0.5859156840843114,-0.39413058478999574,-0.10831545722314241,0.04149900456685952,0.3976479641390653,0.8674396013064231,-0.10535375099937985,0.35534516722570475,0.06528393548368192,0.87046453138592,0.8974246694570205,-0.18516105723606047,0.35518391435726393,0.9766746252472066,0.8028913849764717,0.92856741300284,1.0887300491603904,1.1982893790305564,0.0,0.0,0.0,-0.8303197216192685,-0.8338086962075596,-0.10733833758101824,-0.8347701421043867,0.7987058497862394,-0.5513994741172877,-0.6120511063418216,-0.5488709257815777,-0.5807061655211156,0.0,1.1982893790305564,0.0,-0.41573970964154894,0.41573970964154905,-0.10314212462587932,0.0,0.0,1.010582305279823,-0.6130261671064129,0.1897232883038723,-0.5813522684085505,-0.8303197216192685,0.0,0.0,0.0,0.0,0.0,0.0,-0.8230418431449509,-0.4295676896073318,-0.7814473416726921,-0.5626241668484961,-0.4472624953103989,0.07310639136895032,-0.47554626808368256,-0.6103679378930736,-0.3246525211537334,-0.2914379112664137,-0.3458966651324022,-0.24516260828467687,0.4094233935921606,1.1654004102434696,0.900250164900167,0.1641022492275481,Infiltration,1
0.0,0.6291280657606424,-0.8262805010703754,-0.7849977781968825,-0.4326486886455986,-0.5626332544901099,-0.689922512310882,0.7987058497862394,-0.01101632116681167,0.05071997597108943,-0.581755509392228,0.8528028654224417,-0.5813522684085505,-0.5859156840843114,-0.39452990396622184,-0.10832951934483433,0.19513583557080547,0.8004576540445587,0.8607863992907471,-0.1052865775668164,0.6355084477236508,0.2250643789772318,1.485845912754353,0.8907981438004884,-0.18516976092142562,0.624291491880336,1.6348021248950098,1.4027194955798843,0.921935662948192,1.030952321532299,1.1982893790305564,0.0,0.0,0.0,-0.8328116240347669,-0.8367999167053769,-0.10734536791617612,-0.8408457865431922,0.7987058497862394,-0.6285110472764236,-0.6425424164891065,-0.6300273810460497,-0.5955388654925448,0.0,1.1982893790305564,0.0,-0.41573970964154894,0.41573970964154905,-0.10314212462587932,0.0,0.0,1.010582305279823,-0.6433339356470095,-0.01101632116681167,-0.5813522684085505,-0.8328116240347669,0.0,0.0,0.0,0.0,0.0,0.0,-0.8262805010703754,-0.4326486886455986,-0.7849977781968825,-0.5626332544901099,-0.4472624953103989,0.07310639136895032,-0.47925872559604593,-0.6103679378930736,-0.33169832380076403,-0.31016481497619797,-0.3615220891849405,-0.2440618425375179,1.2223873464366117,-0.633003425228566,0.8937002300127426,1.4192150744659908,Infiltration,1
0.0,-0.20625196558438655,-0.8133258693686771,-0.7722162067097972,-0.41778618515095484,-0.5626005389803002,-0.27657526676097666,0.7987058497862394,0.7176980900896892,1.413020728603988,-0.581755509392228,0.8528028654224417,-0.5813522684085505,-0.5859156840843114,-0.39230744471283235,-0.10826782388219273,-0.15159021505118683,0.1421181085582749,0.8707662023142612,-0.10639493920411344,-0.15954951044619603,-0.1386997062617696,0.484908684522148,0.9007379322852865,-0.1852125709087448,-0.1393921740635171,0.18021782279671722,0.4558716386149577,0.931883288030164,-0.8937682300784954,1.1982893790305564,0.0,0.0,0.0,-0.8228440143727731,-0.8260315229132347,-0.10731329036905175,-0.8152553652598107,0.7987058497862394,-0.5016717493784987,-0.5271665888060203,-0.4499779383486496,-0.5562760170528764,0.0,1.1982893790305564,0.0,-0.41573970964154894,0.41573970964154905,-0.10314212462587932,0.0,0.0,-0.98952850725316,-0.5283975518738239,0.7176980900896892,-0.5813522684085505,-0.8228440143727731,0.0,0.0,0.0,0.0,0.0,0.0,-0.8133258693686771,-0.41778618515095484,-0.7722162067097972,-0.5626005389803002,-0.4472624953103989,0.07310639136895032,-0.4644088955465925,-0.6103679378930736,-0.009997781960752381,0.32110129642810703,0.07975516797093665,-0.24702903271234636,0.562537680674972,1.7649129212824437,0.9035251323438791,0.06783990864878847,Infiltration,1
0.0,-1.0187665248870281,-0.8353487432615643,-0.7942289131597774,-0.43651836447117287,-0.5626568823583059,-0.5486727250898548,0.7987058497862394,0.31079885267560714,0.7689627143059025,-0.581755509392228,0.8528028654224417,-0.5813522684085505,-0.5859156840843114,-0.3945429817318096,-0.10833612669610913,0.3458110635377417,0.872363501533489,0.6079647226950589,-0.10501788383656258,-2.135551728570985,-0.3199619972372005,-0.6206146824499074,-0.8864485945475418,-0.18516702836904353,-0.8909538770558805,2.1998373352125786,1.5151872663180241,0.6699291608715663,1.6809517573483272,1.1982893790305564,0.0,0.0,0.0,-0.8397889507981625,-0.8445770899997018,-0.10734968272394378,-0.8428264227224194,0.7987058497862394,-0.5851672872000466,-0.6133132984591303,-0.5613514365052101,-0.5832931373203578,0.0,1.1982893790305564,0.0,-0.41573970964154894,0.41573970964154905,-0.10314212462587932,0.0,0.0,1.010582305279823,-0.6047886710415328,0.31079885267560714,-0.5813522684085505,-0.8397889507981625,0.0,0.0,0.0,0.0,0.0,0.0,-0.8353487432615643,-0.43651836447117287,-0.7942289131597774,-0.5626568823583059,-0.4472624953103989,0.07310639136895032,-0.4896536066306634,-0.6103679378930736,-0.41731116730126383,-0.31055090266762864,-0.4201866485764526,-0.3663902175232652,-0.7753895421676896,-0.6331371228734525,-0.9009819291415246,-0.6096988731170965,Infiltration,1
0.0,-0.8070722032457459,-0.8385874011869888,-0.7991995242936439,-0.43930895355224414,-0.5626696050565653,-1.0430469803634501,0.7987058497862394,-0.9794485260673043,-1.306598645252429,-0.581755509392228,0.8528028654224417,-0.5813522684085505,-0.5859156840843114,-0.3951576817336459,-0.10836127275858295,5.3793357444567365,4.156063870194636,0.9173386164239932,-0.09336329328680282,-0.7400680195860841,5.395656860739035,-0.6808093674803385,0.9471236118810112,5.532905999078514,-2.066784283350384,-0.6945485150621342,-0.709175310502964,-0.8951638520253719,-0.8973793380552512,-0.8345229603962803,0.0,0.0,0.0,-0.842280853213661,-0.848764798696646,-0.10736037619714754,-0.8553141667884617,0.7987058497862394,-0.736870447467366,-0.7837092342958095,-0.8171838351057585,-0.6118198307827971,0.0,-0.8345229603962803,0.0,-0.41573970964154894,0.41573970964154905,-0.10314212462587932,0.0,0.0,-0.98952850725316,-0.7785532106742866,-0.9794485260673043,-0.5813522684085505,-0.842280853213661,0.0,0.0,0.0,0.0,0.0,0.0,-0.8385874011869888,-0.43930895355224414,-0.7991995242936439,-0.5626696050565653,-0.4472624953103989,-1.0258796183774535,-0.49336606414302675,-0.6103679378930736,-0.41731116730126383,-0.31055090266762864,-0.4201866485764526,-0.3663902175232652,1.2843621769225118,-0.6331371228734525,0.9493746765558494,1.4821558356136413,Infiltration,1
0.0,0.8358092944142707,0.8992764415958396,0.4278313384665418,-0.4271721760010239,1.7264803574614909,-0.7928487138517856,-1.2520253861514021,-1.1357744454949186,-1.440208049148492,2.1480693347736257,-1.1726039399558574,2.067428364246978,1.8931810437004857,0.5756683631489279,-0.10473975868538692,-0.3500183255465052,-0.6167316071487972,-0.7950297846167801,-0.10642852592039516,0.8374279291636119,-0.3359449942828882,-0.6522887845569773,-0.7583551698638852,-0.18521287452567614,0.8182428991041717,-0.6656775590914392,-0.6749516897751008,-0.7285416624423441,-0.8937682300784954,-0.8345229603962803,0.0,0.0,0.0,1.2979642934096487,0.805858731875955,-0.10515796983241615,0.3707615245399228,-1.2520253861514021,2.172201449751795,1.8479041751268963,1.9498568106960286,2.17706030601925,0.0,-0.8345229603962803,0.0,2.405351177211819,-2.405351177211819,-0.10314212462587932,0.0,0.0,-0.98952850725316,1.8448777688505031,-1.1357744454949186,2.067428364246978,1.2979642934096487,0.0,0.0,0.0,0.0,0.0,0.0,0.8992764415958396,-0.4271721760010239,0.4278313384665418,1.7264803574614909,6.903414842163764,-0.8480134253399845,-0.4064945583537239,1.678511829205953,-0.416985730251812,-0.31055090266762864,-0.41996416368454637,-0.3659241369920484,-0.5921998177004196,-0.6331371228734525,-0.7364153390897793,-0.42365398034370505,Heartbleed,1
0.0,0.8347488490474464,0.9685837211999256,0.6983746016098467,-0.419192535908135,1.8237841595917692,2.095107207043248,-1.2520253861514021,-1.1262602920946811,-0.8542907985809874,1.6929413699662386,-1.1726039399558574,1.6808708395685414,1.6992164488025054,0.6179290107425165,-0.10433743057813268,-0.35056548948958804,-0.6193350149110828,-0.9290796298729629,-0.10642852592039516,0.8374279291636119,-0.33611946637161,-0.6550551166472665,-0.89185819189988,-0.18521287452567614,0.8182428991041717,-0.6709012485068229,-0.6805362759063968,-0.8621592899409022,-0.8937682300784954,-0.8345229603962803,0.0,0.0,0.0,1.3833867082129356,1.1703090373300113,-0.10506928432410188,0.6417768595435397,-1.2520253861514021,1.685676142847967,1.6882872248203853,1.6825150298574092,1.669065012464995,0.0,-0.8345229603962803,0.0,-0.41573970964154894,0.41573970964154905,-0.10314212462587932,0.0,0.0,-0.98952850725316,1.6850883075959844,-1.1262602920946811,1.6808708395685414,1.3833867082129356,0.0,0.0,0.0,0.0,0.0,0.0,0.9685837211999256,-0.419192535908135,0.6983746016098467,1.8237841595917692,-0.452341560667092,-0.8480134253399845,-0.40500957534877857,1.678511829205953,-0.41731116730126383,-0.31055090266762864,-0.4201866485764526,-0.3663902175232652,-0.7753895421676896,-0.6331371228734525,-0.9009819291415246,-0.6096988731170965,Heartbleed,1
0.0,0.8347201345960998,0.9698791843700955,0.712576347706608,-0.4213271228016327,1.8242085524551348,1.3023564632601186,-1.2520253861514021,-1.1289874198860006,-1.0244861357341724,1.465377387562545,-1.1726039399558574,1.6599942825379255,1.6497762861272487,0.6179322959925141,-0.10431931114911308,-0.3505875712835414,-0.6193716543439219,-0.92908265707988,-0.10642852592039516,0.8374279291636119,-0.3361226200884069,-0.6550591832028186,-0.8918564690032093,-0.18521287452567614,0.8182428991041717,-0.6711236097071777,-0.6806576526116512,-0.862162307387177,-0.8937682300784954,-0.8345229603962803,0.0,0.0,0.0,1.3846824974689946,1.1894528485160418,-0.10506761953628213,0.6559954117928428,-1.2520253861514021,1.4424134893960527,1.6766379279210886,1.648815590034311,1.6086515655183529,0.0,-0.8345229603962803,0.0,-0.41573970964154894,0.41573970964154905,-0.10314212462587932,0.0,0.0,-0.98952850725316,1.6734285313569934,-1.1289874198860006,1.6599942825379255,1.3846824974689946,0.0,0.0,0.0,0.0,0.0,0.0,0.9698791843700955,-0.4213271228016327,0.712576347706608,1.8242085524551348,-0.452341560667092,-0.8480134253399845,-0.40500957534877857,1.678511829205953,-0.41731116730126383,-0.31055090266762864,-0.4201866485764526,-0.3663902175232652,-0.7753895421676896,-0.6331371228734525,-0.9009819291415246,-0.6096988731170965,Heartbleed,1
0.0,0.8346985922137312,0.9679359896148407,0.7012149508291989,-0.419192535908135,1.8237699222865744,2.095107207043248,-1.2520253861514021,-1.1262510949537656,-0.8541671237014763,1.465377387562545,-1.1726039399558574,1.6765699977719517,1.619972751011287,0.6179392872151765,-0.1043348999183911,-0.35056858546826003,-0.6193478975387504,-0.92908265707988,-0.10646211263667689,0.8374279291636119,-0.33611798917794816,-0.6550606134901737,-0.8918104477825247,-0.18521287452567614,0.8182428991041717,-0.6709463947678262,-0.6805736904097313,-0.862162307387177,-0.8937682300784954,-0.8345229603962803,0.0,0.0,0.0,1.3822902711501162,1.1741377995672173,-0.10507006923038432,0.6446419587250933,-1.2520253861514021,1.4424134893960527,1.686742202246897,1.6446740096048935,1.6012828408653816,0.0,-0.8345229603962803,0.0,-0.41573970964154894,0.41573970964154905,-0.10314212462587932,0.0,0.0,-0.98952850725316,1.6835418840139686,-1.1262510949537656,1.6765699977719517,1.3822902711501162,0.0,0.0,0.0,0.0,0.0,0.0,0.9679359896148407,-0.419192535908135,0.7012149508291989,1.8237699222865744,-0.452341560667092,-0.8480134253399845,-0.40500957534877857,1.678511829205953,-0.41731116730126383,-0.31055090266762864,-0.4201866485764526,-0.3663902175232652,-0.7753895421676896,-0.6331371228734525,-0.9009819291415246,-0.6096988731170965,Heartbleed,1
0.0,0.8356854322595102,0.9621064053490764,0.6834627682082471,-0.4255962965886282,1.8250858127922556,-0.28314502430614075,-1.2520253861514021,-1.1343293351003334,-1.3547081309036224,2.1480693347736257,-1.1726039399558574,1.7048970982157516,1.7049807988602323,0.6176191183371257,-0.10436411083200582,-0.3505326110589511,-0.6192939814317469,-0.9290812266414467,-0.10642852592039516,0.8374279291636119,-0.33610256076383127,-0.6550329109819127,-0.8917959356913369,-0.18521287452567614,0.8182428991041717,-0.670656257816869,-0.680427049744229,-0.8621608815609153,-0.8901571221017397,-0.8345229603962803,0.0,0.0,0.0,1.3751135921934807,1.1502080355846793,-0.10507818839930513,0.6264169927396646,-1.2520253861514021,2.172201449751795,1.7028089183416177,1.6967521387832334,1.694831686400231,0.0,-0.8345229603962803,0.0,-0.41573970964154894,0.41573970964154905,-0.10314212462587932,0.0,0.0,-0.98952850725316,1.6996234999590065,-1.1343293351003334,1.7048970982157516,1.3751135921934807,0.0,0.0,0.0,0.0,0.0,0.0,0.9621064053490764,-0.4255962965886282,0.6834627682082471,1.8250858127922556,-0.452341560667092,-0.8480134253399845,-0.40500957534877857,1.678511829205953,-0.41731116730126383,-0.31055090266762864,-0.4201866485764526,-0.3663902175232652,-0.7753895421676896,-0.6331371228734525,-0.9009819291415246,-0.6096988731170965,Heartbleed,1
0.0,0.8346878864611326,0.9621064053490764,0.6848829428179233,-0.4213271228016327,1.8242085524551348,1.3023564632601186,-1.2520253861514021,-1.128888460467176,-1.0233656831277942,1.920505352369932,-1.1726039399558574,1.7018663642173923,1.7074948974145348,0.6179427616985135,-0.10436118799180183,-0.3505362339917188,-0.6193092243329051,-0.9290835552621521,-0.10642852592039516,0.8374279291636119,-0.33610395212999084,-0.6550506425297536,-0.8918624328763002,-0.18521287452567614,0.8182428991041717,-0.6706867407475291,-0.6804583828152855,-0.8621632026734344,-0.8937682300784954,-0.8345229603962803,0.0,0.0,0.0,1.3751135921934807,1.1521224167032822,-0.10507745800921102,0.6283114564165475,-1.2520253861514021,1.9289387962998812,1.7026991969517768,1.6969480189101018,1.6951872051799435,0.0,-0.8345229603962803,0.0,-0.41573970964154894,0.41573970964154905,-0.10314212462587932,0.0,0.0,-0.98952850725316,1.6995134889761825,-1.128888460467176,1.7018663642173923,1.3751135921934807,0.0,0.0,0.0,0.0,0.0,0.0,0.9621064053490764,-0.4213271228016327,0.6848829428179233,1.8242085524551348,-0.452341560667092,-0.8480134253399845,-0.40500957534877857,1.678511829205953,-0.41731116730126383,-0.31055090266762864,-0.4201866485764526,-0.3663902175232652,-0.7753895421676896,-0.6331371228734525,-0.9009819291415246,-0.6096988731170965,Heartbleed,1
0.0,0.8346650091316185,0.9744133054656898,0.6692610221114857,-0.4213271228016327,1.8242085524551348,1.3023564632601186,-1.2520253861514021,-1.1290447546408666,-1.0251364134100815,1.920505352369932,-1.1726039399558574,1.7261829015227301,1.7892961104391782,0.6179501865043614,-0.10436362445949816,-0.35053321401882775,-0.6192888460958839,-0.9290825572818497,-0.10642852592039516,0.8374279291636119,-0.3361335273508403,-0.6551123265517392,-0.8918612732343103,-0.18521287452567614,0.8182428991041717,-0.6704330686155443,-0.6802912715034422,-0.8621622079109262,-0.8901571221017397,-0.8345229603962803,0.0,0.0,0.0,1.3902643588797112,1.1310642243986486,-0.10506182599770904,0.6126968199956858,-1.2520253861514021,1.9289387962998812,1.704249207708513,1.74294873300431,1.7794359879756907,0.0,-0.8345229603962803,0.0,-0.41573970964154894,0.41573970964154905,-0.10314212462587932,0.0,0.0,-0.98952850725316,1.7010649125628847,-1.1290447546408666,1.7261829015227301,1.3902643588797112,0.0,0.0,0.0,0.0,0.0,0.0,0.9744133054656898,-0.4213271228016327,0.6692610221114857,1.8242085524551348,-0.452341560667092,-0.8480134253399845,-0.40500957534877857,1.678511829205953,-0.41731116730126383,-0.31055090266762864,-0.4201866485764526,-0.3663902175232652,-0.7753895421676896,-0.6331371228734525,-0.9009819291415246,-0.6096988731170965,Heartbleed,1
0.0,0.8346294367165045,0.9750610370507747,0.6678408475018096,-0.40865817268925736,1.8038682900736935,2.095107207043248,-1.2520253861514021,-1.1130221474148558,-0.7561177453864646,1.465377387562545,-1.1726039399558574,1.7087049668367484,1.7129446627028853,0.6104447744496877,-0.10436440079423462,-0.350532250978347,-0.61922699604148,-0.8958137528586232,-0.10646211263667689,0.8374279291636119,-0.3361351193510583,-0.6549836982790019,-0.858733250386981,-0.18521287452567614,0.8182428991041717,-0.6704099984231034,-0.6800180762539813,-0.829000672302663,-0.8937682300784954,-0.8345229603962803,0.0,0.0,0.0,1.3910617676526709,1.1291498432800455,-0.10506097790004751,0.6112930481051728,-1.2520253861514021,1.4424134893960527,1.6865505432284693,1.696621217983572,1.6945940833480087,0.0,-0.8345229603962803,0.0,-0.41573970964154894,0.41573970964154905,-0.10314212462587932,0.0,0.0,-0.98952850725316,1.6833538623891657,-1.1130221474148558,1.7087049668367484,1.3910617676526709,0.0,0.0,0.0,0.0,0.0,0.0,0.9750610370507747,-0.40865817268925736,0.6678408475018096,1.8038682900736935,-0.452341560667092,-0.7617293997813825,-0.4027821008413605,1.678511829205953,-0.41731116730126383,-0.31055090266762864,-0.4201866485764526,-0.3663902175232652,-0.7753895421676896,-0.6331371228734525,-0.9009819291415246,-0.6096988731170965,Heartbleed,1
0.0,0.8357279673401284,0.9770042318060295,0.6401474426131248,-0.419192535908135,1.823933196914236,2.095107207043248,-1.2520253861514021,-1.1263792581789576,-0.8558925654842906,2.1480693347736257,-1.1726039399558574,1.7726358549008854,1.8517398191318282,0.6176744946568377,-0.1043953884508965,-0.35049350422742737,-0.6193558395156369,-0.9290577408383313,-0.10646211263667689,0.8374279291636119,-0.33613967137014467,-0.6552137874416084,-0.8918404990763771,-0.18521287452567614,0.8182428991041717,-0.6699369091411401,-0.6800627640105601,-0.8621374714832224,-0.8937682300784954,-0.8345229603962803,0.0,0.0,0.0,1.3937530222614092,1.0918194114672861,-0.10505932328996818,0.583086231277661,-1.2520253861514021,2.172201449751795,1.7241627420605339,1.7931149345039024,1.8730357898296959,0.0,-0.8345229603962803,0.0,-0.41573970964154894,0.41573970964154905,-0.10314212462587932,0.0,0.0,-0.98952850725316,1.7209964948149883,-1.1263792581789576,1.7726358549008854,1.3937530222614092,0.0,0.0,0.0,0.0,0.0,0.0,0.9770042318060295,-0.419192535908135,0.6401474426131248,1.823933196914236,-0.4233908881339411,-0.7617293997813825,-0.40500957534877857,1.678511829205953,-0.41731116730126383,-0.31055090266762864,-0.4201866485764526,-0.3663902175232652,-0.7753895421676896,-0.6331371228734525,-0.9009819291415246,-0.6096988731170965,Heartbleed,1
0.0,0.835648681949856,0.9718223791253502,0.6245255219066873,-0.419192535908135,1.8237699222865744,2.095107207043248,-1.2520253861514021,-1.1263061791505882,-0.8549081824367187,1.465377387562545,-1.1726039399558574,1.7983291470255258,1.7739061430646064,0.6176310380471901,-0.10441993806641388,-0.35046237517804046,-0.6192749226190896,-0.9290584061585329,-0.10646211263667689,0.8374279291636119,-0.3361259742981436,-0.6551508462595629,-0.8918385442513084,-0.18521287452567614,0.8182428991041717,-0.6696753387149925,-0.6799044613744637,-0.8621381346582279,-0.8937682300784954,-0.8345229603962803,0.0,0.0,0.0,1.3870747237878733,1.0707612191626525,-0.10506583755056609,0.5675021932657333,-1.2520253861514021,1.4424134893960527,1.7398387673629652,1.7714054860927013,1.8323099088805148,0.0,-0.8345229603962803,0.0,-0.41573970964154894,0.41573970964154905,-0.10314212462587932,0.0,0.0,-0.98952850725316,1.7366869105176603,-1.1263061791505882,1.7983291470255258,1.3870747237878733,0.0,0.0,0.0,0.0,0.0,0.0,0.9718223791253502,-0.419192535908135,0.6245255219066873,1.8237699222865744,-0.4233908881339411,-0.7617293997813825,-0.40500957534877857,1.678511829205953,-0.41731116730126383,-0.31055090266762864,-0.4201866485764526,-0.3663902175232652,-0.7753895421676896,-0.6331371228734525,-0.9009819291415246,-0.6096988731170965,Heartbleed,1
0.0,-1.639943397746453,-0.4577212291570585,-0.4903115466890833,-0.42843553302293524,-0.066885137937108,2.095107207043248,-1.2520253861514021,-1.0860022653687562,-0.05025271305881593,1.465377387562545,-1.1726039399558574,1.6930972644514564,1.6970758022591004,0.6231126358219256,-0.1042979558595233,-0.35060956726778475,-0.6196847643181006,-0.9290635956561051,-0.10642852592039516,-1.5426979583099294,-0.33619683856597293,-0.6554933203700138,-0.8918393394343872,-0.18521287452567614,-1.4825056690885794,-0.671422881987963,-0.6809417011509453,-0.8621433074232705,-0.8901571221017397,-0.8345229603962803,0.0,0.0,0.0,-0.3728064381337528,-0.4320279589407439,-0.1050244885913965,0.6371748966177326,-1.2520253861514021,1.4424134893960527,1.6817060199690894,1.6850118941142236,1.6735734354403673,0.0,-0.8345229603962803,0.0,-0.41573970964154894,0.41573970964154905,-0.10314212462587932,0.0,0.0,-0.98952850725316,1.6804267722968949,-1.0860022653687562,1.6930972644514564,-0.3728064381337528,0.0,0.0,0.0,0.0,0.0,0.0,-0.4577212291570585,-0.42843553302293524,-0.4903115466890833,-0.066885137937108,-0.4233908881339411,-0.7617293997813825,-0.47554626808368256,1.678511829205953,-0.41731116730126383,-0.31055090266762864,-0.4201866485764526,-0.3663902175232652,-0.7753895421676896,-0.6331371228734525,-0.9009819291415246,-0.6096988731170965,Heartbleed,1
0.0,0.8347201345960998,0.9698791843700955,0.712576347706608,-0.4213271228016327,1.8242085524551348,1.3023564632601186,-1.2520253861514021,-1.1289874198860006,-1.0244861357341724,1.465377387562545,-1.1726039399558574,1.6599942825379255,1.6497762861272487,0.6179322959925141,-0.10431931114911308,-0.3505875712835414,-0.6193716543439219,-0.92908265707988,-0.10642852592039516,0.8374279291636119,-0.3361226200884069,-0.6550591832028186,-0.8918564690032093,-0.18521287452567614,0.8182428991041717,-0.6711236097071777,-0.6806576526116512,-0.862162307387177,-0.8937682300784954,-0.8345229603962803,0.0,0.0,0.0,1.3846824974689946,1.1894528485160418,-0.10506761953628213,0.6559954117928428,-1.2520253861514021,1.4424134893960527,1.6766379279210886,1.648815590034311,1.6086515655183529,0.0,-0.8345229603962803,0.0,-0.41573970964154894,0.41573970964154905,-0.10314212462587932,0.0,0.0,-0.98952850725316,1.6734285313569934,-1.1289874198860006,1.6599942825379255,1.3846824974689946,0.0,0.0,0.0,0.0,0.0,0.0,0.9698791843700955,-0.4213271228016327,0.712576347706608,1.8242085524551348,-0.452341560667092,-0.8480134253399845,-0.40500957534877857,1.678511829205953,-0.41731116730126383,-0.31055090266762864,-0.4201866485764526,-0.3663902175232652,-0.7753895421676896,-0.6331371228734525,-0.9009819291415246,-0.6096988731170965,BENIGN,0
0.0,0.3577550366788754,-0.8230418431449509,-0.7814473416726921,-0.430841365764778,-0.5626241668484961,-0.43151204886776234,0.7987058497862394,0.016036141356378777,0.4873983656836811,-0.581755509392228,0.8528028654224417,-0.5813522684085505,-0.5859156840843114,-0.3942731707033194,-0.10831602593181532,0.045974395047682665,0.40512846128072566,0.8674396013064231,-0.10538733771566158,0.3831090959236994,0.06985767972322161,0.8832849768310956,0.8974246694570205,-0.18517127900608232,0.3818522328505414,0.9955120748905664,0.8153878039473761,0.92856741300284,1.0092856736717648,1.1982893790305564,0.0,0.0,0.0,-0.8303197216192685,-0.8338086962075596,-0.10733862190595897,-0.8350158568827201,0.7987058497862394,-0.5492154862064625,-0.6380790100035307,-0.5835141591911073,-0.5876129813787041,0.0,1.1982893790305564,0.0,-0.41573970964154894,0.41573970964154905,-0.10314212462587932,0.0,0.0,1.010582305279823,-0.6395678816038676,0.016036141356378777,-0.5813522684085505,-0.8303197216192685,0.0,0.0,0.0,0.0,0.0,0.0,-0.8230418431449509,-0.430841365764778,-0.7814473416726921,-0.5626241668484961,-0.4472624953103989,0.07310639136895032,-0.47554626808368256,-0.6103679378930736,-0.33535950283483945,-0.30834099390635594,-0.36289623696341233,-0.25044506453541476,0.42400570664766646,1.128507332641071,0.900250164900167,0.19001903322952182,BENIGN,0
0.0,-0.01688479200518658,0.3098406991685665,0.460495354489093,0.7182164884756987,-0.5594453098119815,-0.37840650871101955,0.7987058497862394,1.1604052134084737,0.02955636885654979,-0.581755509392228,0.8528028654224417,-0.5813522684085505,-0.5859156840843114,-0.254669852994345,-0.10435404367352745,-0.35054468751366863,-0.5774210228620877,-0.004129862747133624,-0.10575679159476059,0.022178022849768962,-0.33549456202355293,-0.5896494918096001,0.032663071279580576,-0.18517107659479476,0.03516409243793504,-0.6741051786158115,-0.6204217762083339,0.05980815584394634,1.0020634577182534,1.1982893790305564,0.0,0.0,0.0,0.04134774332208974,0.21252023392892136,-0.10535783522456633,0.8767881062296319,0.7987058497862394,-0.5329195764103054,-0.4657644536009106,-0.5507329791941035,-0.5810991914334485,0.0,1.1982893790305564,0.0,-0.41573970964154894,0.41573970964154905,-0.10314212462587932,0.0,0.0,1.010582305279823,-0.4704537830726728,1.1604052134084737,-0.5813522684085505,0.04134774332208974,0.0,0.0,0.0,0.0,0.0,0.0,0.3098406991685665,0.7182164884756987,0.460495354489093,-0.5594453098119815,-0.4472624953103989,1.9842218697502654,0.8230713697410241,-0.6103679378930736,2.973575545525036,4.971462710720347,3.754541138207309,0.6111795342835573,-0.14105892425318517,0.8610325200236827,0.04220869464757932,-0.3892689982410178,BENIGN,0
0.0,0.8346650091316185,0.9744133054656898,0.6692610221114857,-0.4213271228016327,1.8242085524551348,1.3023564632601186,-1.2520253861514021,-1.1290447546408666,-1.0251364134100815,1.920505352369932,-1.1726039399558574,1.7261829015227301,1.7892961104391782,0.6179501865043614,-0.10436362445949816,-0.35053321401882775,-0.6192888460958839,-0.9290825572818497,-0.10642852592039516,0.8374279291636119,-0.3361335273508403,-0.6551123265517392,-0.8918612732343103,-0.18521287452567614,0.8182428991041717,-0.6704330686155443,-0.6802912715034422,-0.8621622079109262,-0.8901571221017397,-0.8345229603962803,0.0,0.0,0.0,1.3902643588797112,1.1310642243986486,-0.10506182599770904,0.6126968199956858,-1.2520253861514021,1.9289387962998812,1.704249207708513,1.74294873300431,1.7794359879756907,0.0,-0.8345229603962803,0.0,-0.41573970964154894,0.41573970964154905,-0.10314212462587932,0.0,0.0,-0.98952850725316,1.7010649125628847,-1.1290447546408666,1.7261829015227301,1.3902643588797112,0.0,0.0,0.0,0.0,0.0,0.0,0.9744133054656898,-0.4213271228016327,0.6692610221114857,1.8242085524551348,-0.452341560667092,-0.8480134253399845,-0.40500957534877857,1.678511829205953,-0.41731116730126383,-0.31055090266762864,-0.4201866485764526,-0.3663902175232652,-0.7753895421676896,-0.6331371228734525,-0.9009819291415246,-0.6096988731170965,BENIGN,0
0.0,-0.23918998029609692,-0.8087917482730828,-0.7629850717469023,-0.42165438681430983,-0.5624939106520314,-0.27657526676097666,-1.2520253861514021,0.15931798618018006,1.1030980766428669,-0.540737415878855,-1.1726039399558574,-0.5781545504657329,-0.550908989451635,-0.3927059109381532,-0.10824117791596498,-0.1953591854095703,-0.20102921297795906,0.019156344307732394,-0.10639493920411344,-0.1923614261801897,-0.17146699952943095,-0.017138878988403224,0.05254264824917689,-0.185212469703101,-0.1709092777373904,-0.05308015405960121,-0.08615609901900075,0.08301928103521448,-0.8937682300784954,-0.8345229603962803,0.0,0.0,0.0,-0.8190563227012154,-0.8178954031591718,-0.10730370742386061,-0.8005118091455019,-1.2520253861514021,-0.5016717493784987,-0.6197722998114625,-0.5156847994146715,-0.573286350305288,0.0,-0.8345229603962803,0.0,2.405351177211819,-2.405351177211819,-0.10314212462587932,0.0,0.0,1.010582305279823,-0.6226935681485929,0.15931798618018006,-0.5781545504657329,-0.8190563227012154,0.0,0.0,0.0,0.0,0.0,0.0,-0.8087917482730828,-0.42165438681430983,-0.7629850717469023,-0.5624939106520314,1.5683645914932782,-0.6186795679342267,-0.45921145502928373,-0.6103679378930736,-0.12008104015976105,0.31560028284001995,0.32857366070281563,-0.36574880493835654,-0.2795908982804908,0.3076363559877067,0.06513346675356449,-0.400032868044649,BENIGN,0
0.0,0.34259639773584055,-0.8230418431449509,-0.7814473416726921,-0.430891487280233,-0.5626241668484961,-0.5273210130680716,0.7987058497862394,0.009201230515007009,0.36235755155174393,-0.581755509392228,0.8528028654224417,-0.5813522684085505,-0.5859156840843114,-0.3942731410235399,-0.10831573511658348,0.043673321701802624,0.39964934871409286,0.8607863992907471,-0.10521940413425294,0.3578691607437043,0.06750562909825797,0.87046453138592,0.8907981438004884,-0.18516601631260574,0.3576083069475619,0.9858292913368422,0.8028913849764717,0.921935662948192,1.0092856736717648,1.1982893790305564,0.0,0.0,0.0,-0.8303197216192685,-0.8338086962075596,-0.1073384765133498,-0.8348902079943704,0.7987058497862394,-0.578615323467571,-0.6390755738285885,-0.5967856648340549,-0.590031931631061,0.0,1.1982893790305564,0.0,-0.41573970964154894,0.41573970964154905,-0.10314212462587932,0.0,0.0,1.010582305279823,-0.6405841183351482,0.009201230515007009,-0.5813522684085505,-0.8303197216192685,0.0,0.0,0.0,0.0,0.0,0.0,-0.8230418431449509,-0.430891487280233,-0.7814473416726921,-0.5626241668484961,-0.4472624953103989,-0.35982749125842084,-0.47554626808368256,-0.6103679378930736,-0.3338730907632343,-0.3095143349003426,-0.3625726955599366,-0.2477818673457643,0.41671455011991354,1.128507332641071,0.8937002300127426,0.18261423780038646,BENIGN,0
0.0,-0.5411991825791169,-0.8191554536344414,-0.7757666432339876,-0.4218666661738842,-0.5625320787468094,-0.27657526676097666,-1.2520253861514021,0.7914216009819248,1.6203632476556382,-0.540737415878855,-1.1726039399558574,-0.5767829230648442,-0.5426493050734396,-0.3923403787668659,-0.10826947289102021,-0.1475655153242883,-0.004833169493417016,0.2686514198955826,-0.10636135248783171,-0.48262068075013376,-0.12203204114430831,0.2870054826405426,0.30103736036913087,-0.185212469703101,-0.4497144256216542,0.15060620189979712,0.2065095401708883,0.3317099080845161,-0.8901571221017397,-0.8345229603962803,0.0,0.0,0.0,-0.8270304104308105,-0.8286637969513139,-0.10731681735021942,-0.8136322667963886,-1.2520253861514021,-0.5016717493784987,-0.5274682940442852,-0.4351284831774249,-0.5520047629200892,0.0,-0.8345229603962803,0.0,2.405351177211819,-2.405351177211819,-0.10314212462587932,0.0,0.0,1.010582305279823,-0.5279430531574512,0.7914216009819248,-0.5767829230648442,-0.8270304104308105,0.0,0.0,0.0,0.0,0.0,0.0,-0.8191554536344414,-0.4218666661738842,-0.7757666432339876,-0.5625320787468094,1.5683645914932782,-0.6534959291245398,-0.4710913190688465,-0.6103679378930736,-0.3620689254170805,-0.2371754303332198,-0.34685323977816235,-0.3651029775175635,0.0157009410935027,0.7411300178158879,0.31075602503197697,-0.34058361603774434,BENIGN,0
0.0,-1.658602608385789,-0.8172122588791866,-0.7750565559291495,-0.4196259396005993,-0.5626078090935912,-0.27657526676097666,0.7987058497862394,0.8518366132923767,1.5841146709527438,-0.581755509392228,0.8528028654224417,-0.5813522684085505,-0.5859156840843114,-0.386486038401365,-0.1080806524444269,-0.2849917145203504,-0.36630343841859364,-0.3467697665544479,-0.10642852592039516,-1.5603659129359262,-0.2687744218833756,-0.2692636293808309,-0.31191626286008894,-0.1852125709087448,-1.4849300616788772,-0.39929393693651155,-0.30802853677183245,-0.28172697197042784,-0.8973793380552512,1.1982893790305564,0.0,0.0,0.0,-0.8258342972713713,-0.8284244993114885,-0.10722094730809911,-0.7333209874318972,0.7987058497862394,-0.5016717493784987,-0.5150359844198283,-0.4303003847693397,-0.5505821101728582,0.0,1.1982893790305564,0.0,-0.41573970964154894,0.41573970964154905,-0.10314212462587932,0.0,0.0,1.010582305279823,-0.5155750344143407,0.8518366132923767,-0.5813522684085505,-0.8258342972713713,0.0,0.0,0.0,0.0,0.0,0.0,-0.8172122588791866,-0.4196259396005993,-0.7750565559291495,-0.5626078090935912,-0.4472624953103989,0.05494133335661307,-0.4688638445614285,-0.6103679378930736,0.3112698713547517,-0.31055090266762864,0.07790744950915149,0.6770602381128542,-0.1009575633505441,-0.6331371228734525,-0.29511295205477384,0.07524470407792383,BENIGN,0
0.0,0.8378852157519179,-0.09045742041391135,0.021661400099165503,0.03178022188540053,-0.5605685423154498,-0.3800489480973106,0.7987058497862394,0.2919849392394208,0.11544680429987693,-0.581755509392228,0.8528028654224417,-0.5813522684085505,-0.5859156840843114,-0.35329597577459726,-0.10646646401677366,-0.3450375075673051,-0.5551429134949248,-0.13719390306065374,-0.10639493920411344,0.8374279291636119,-0.32997316944905225,-0.5561105196311945,-0.1031807046793276,-0.18517725013906539,0.8182428991041717,-0.6513634154515725,-0.5877689295899939,-0.07282684524901452,0.7781747631593994,1.1982893790305564,0.0,0.0,0.0,-0.26665139523351883,-0.1571946196012932,-0.10641393639005628,-0.03589884664417714,0.7987058497862394,-0.5334235736204958,-0.5947938637670729,-0.6035079368235322,-0.5912092003151971,0.0,1.1982893790305564,0.0,-0.41573970964154894,0.41573970964154905,-0.10314212462587932,0.0,0.0,1.010582305279823,-0.599551122146855,0.2919849392394208,-0.5813522684085505,-0.26665139523351883,0.0,0.0,0.0,0.0,0.0,0.0,-0.09045742041391135,0.03178022188540053,0.021661400099165503,-0.5605685423154498,-0.4472624953103989,1.9842218697502654,0.36421162121291156,-0.6103679378930736,0.8660570666996996,1.4441591072407605,1.7574958748179614,0.41894664790536895,-0.2795908982804908,0.26092152496044063,-0.08879000310090733,-0.4107523460996825,BENIGN,0
0.0,0.327717626535557,-0.8301668905808849,-0.789258302025911,-0.43193961661813146,-0.5626441596600466,-0.27657526676097666,0.7987058497862394,0.6129516916539844,1.3233143939929553,-0.581755509392228,0.8528028654224417,-0.5813522684085505,-0.5859156840843114,-0.3943870854243428,-0.10833703500332012,0.3425199475666776,1.555469052678326,2.3244908427394684,-0.10632776577154998,0.35534516722570475,0.3839271419099541,2.7037882300460434,2.348633788237552,-0.185212469703101,0.35518391435726393,2.2891428104794898,2.589879297815805,2.3809206749707617,-0.886546014124984,1.1982893790305564,0.0,0.0,0.0,-0.835801906933365,-0.8403893813027576,-0.10734912535759308,-0.8440929828057375,0.7987058497862394,-0.5016717493784987,-0.5526685689361983,-0.47408756609564845,-0.5628755568099434,0.0,1.1982893790305564,0.0,-0.41573970964154894,0.41573970964154905,-0.10314212462587932,0.0,0.0,1.010582305279823,-0.5487840594824265,0.6129516916539844,-0.5813522684085505,-0.835801906933365,0.0,0.0,0.0,0.0,0.0,0.0,-0.8301668905808849,-0.43193961661813146,-0.789258302025911,-0.5626441596600466,-0.4472624953103989,0.07310639136895032,-0.483713674610882,-0.6103679378930736,-0.33365432230502423,-0.31055090266762864,-0.3629946842701151,-0.24657956037326578,2.8264417825422554,-0.6331371228734525,2.3346859052460958,3.048270068875769,BENIGN,0
0.0,-0.8070722032457459,-0.8385874011869888,-0.7991995242936439,-0.43930895355224414,-0.5626696050565653,-1.0430469803634501,0.7987058497862394,-0.9794485260673043,-1.306598645252429,-0.581755509392228,0.8528028654224417,-0.5813522684085505,-0.5859156840843114,-0.3951576817336459,-0.10836127275858295,5.3793357444567365,4.156063870194636,0.9173386164239932,-0.09336329328680282,-0.7400680195860841,5.395656860739035,-0.6808093674803385,0.9471236118810112,5.532905999078514,-2.066784283350384,-0.6945485150621342,-0.709175310502964,-0.8951638520253719,-0.8973793380552512,-0.8345229603962803,0.0,0.0,0.0,-0.842280853213661,-0.848764798696646,-0.10736037619714754,-0.8553141667884617,0.7987058497862394,-0.736870447467366,-0.7837092342958095,-0.8171838351057585,-0.6118198307827971,0.0,-0.8345229603962803,0.0,-0.41573970964154894,0.41573970964154905,-0.10314212462587932,0.0,0.0,-0.98952850725316,-0.7785532106742866,-0.9794485260673043,-0.5813522684085505,-0.842280853213661,0.0,0.0,0.0,0.0,0.0,0.0,-0.8385874011869888,-0.43930895355224414,-0.7991995242936439,-0.5626696050565653,-0.4472624953103989,-1.0258796183774535,-0.49336606414302675,-0.6103679378930736,-0.41731116730126383,-0.31055090266762864,-0.4201866485764526,-0.3663902175232652,1.2843621769225118,-0.6331371228734525,0.9493746765558494,1.4821558356136413,BENIGN,0
0.0,0.8346985922137312,0.9679359896148407,0.7012149508291989,-0.419192535908135,1.8237699222865744,2.095107207043248,-1.2520253861514021,-1.1262510949537656,-0.8541671237014763,1.465377387562545,-1.1726039399558574,1.6765699977719517,1.619972751011287,0.6179392872151765,-0.1043348999183911,-0.35056858546826003,-0.6193478975387504,-0.92908265707988,-0.10646211263667689,0.8374279291636119,-0.33611798917794816,-0.6550606134901737,-0.8918104477825247,-0.18521287452567614,0.8182428991041717,-0.6709463947678262,-0.6805736904097313,-0.862162307387177,-0.8937682300784954,-0.8345229603962803,0.0,0.0,0.0,1.3822902711501162,1.1741377995672173,-0.10507006923038432,0.6446419587250933,-1.2520253861514021,1.4424134893960527,1.686742202246897,1.6446740096048935,1.6012828408653816,0.0,-0.8345229603962803,0.0,-0.41573970964154894,0.41573970964154905,-0.10314212462587932,0.0,0.0,-0.98952850725316,1.6835418840139686,-1.1262510949537656,1.6765699977719517,1.3822902711501162,0.0,0.0,0.0,0.0,0.0,0.0,0.9679359896148407,-0.419192535908135,0.7012149508291989,1.8237699222865744,-0.452341560667092,-0.8480134253399845,-0.40500957534877857,1.678511829205953,-0.41731116730126383,-0.31055090266762864,-0.4201866485764526,-0.3663902175232652,-0.7753895421676896,-0.6331371228734525,-0.9009819291415246,-0.6096988731170965,BENIGN,0
0.0,0.8538469431924606,2.73753868006683,3.1233227476318572,3.7857048300028775,-0.5525520307265112,-0.37840650871101955,-1.2520253861514021,1.5604165433687793,-0.2664372282090893,-0.540737415878855,-1.1726039399558574,-0.5813241493600388,-0.5825235548479663,-0.02521868637295648,-0.0993411357462257,-0.35329557834237124,-0.6241983584450753,-0.6484200911274242,-0.10632776577154998,0.862667864343607,-0.33825159565089735,-0.6605282990250553,-0.6123314269977579,-0.1851629801432923,0.8424868250071512,-0.6854650916805214,-0.6894153451060523,-0.582404683508122,1.2042855044165732,-0.8345229603962803,0.0,0.0,0.0,1.9095768222695886,2.456294553751612,-0.10285245677563107,3.043358250738216,-1.2520253861514021,-0.5329195764103054,-0.4063357157694323,-0.5372616986710808,-0.5781999671107705,0.0,-0.8345229603962803,0.0,2.405351177211819,-2.405351177211819,-0.10314212462587932,0.0,0.0,1.010582305279823,-0.41105653451303087,1.5604165433687793,-0.5813241493600388,1.9095768222695886,0.0,0.0,0.0,0.0,0.0,0.0,2.73753868006683,3.7857048300028775,3.1233227476318572,-0.5525520307265112,1.5683645914932782,1.4672745938158345,3.6059295210086053,-0.6103679378930736,-0.27083631105450967,-0.14228106489426845,-0.26104712923862233,-0.28021619497595673,-0.4784941040548735,-0.4651100314492814,-0.5920812359078922,-0.3558699276257428,BENIGN,0
0.0,-0.462183451629997,-0.8269282326554603,-0.7857078655017206,-0.43389730404531723,-0.5626350720184327,-0.689922512310882,0.7987058497862394,-0.17532126084974625,-0.12260190169515738,-0.581755509392228,0.8528028654224417,-0.5813522684085505,-0.5859156840843114,-0.39433013554582036,-0.1083102310514551,0.00674044093217508,0.4400925512702804,0.8674396013064231,-0.10532016428309812,-0.40690087521014834,0.03205070514361405,0.9602076495021498,0.8974246694570205,-0.18517067177221963,-0.37698264791271585,0.8397944096577769,0.8903663177728027,0.92856741300284,1.0165078896252762,1.1982893790305564,0.0,0.0,0.0,-0.8333100045178665,-0.8373981608049403,-0.10733572476480852,-0.8325121356341838,0.7987058497862394,-0.6285110472764236,-0.6664982379796828,-0.6558735344552746,-0.5992754867318706,0.0,1.1982893790305564,0.0,-0.41573970964154894,0.41573970964154905,-0.10314212462587932,0.0,0.0,1.010582305279823,-0.6676967188200275,-0.17532126084974625,-0.5813522684085505,-0.8333100045178665,0.0,0.0,0.0,0.0,0.0,0.0,-0.8269282326554603,-0.43389730404531723,-0.7857078655017206,-0.5626350720184327,-0.4472624953103989,-0.2213189239143493,-0.4800012170985186,-0.6103679378930736,-0.3354632355934294,-0.31054861304455145,-0.36423054419064976,-0.24917190995848681,0.46410706755030756,2.106173889104629,0.900250164900167,-0.12838717022329843,BENIGN,0
0.0,-2.2869382792781634,-0.8385874011869888,-0.799909611598482,-0.4393885583120845,-0.562671422584888,-1.0726108893166884,0.7987058497862394,-1.1205693330928101,-1.5458308869578954,-0.5826984540706963,-1.1726039399558574,-0.5849934654815921,-0.5859156840843114,-0.30467388377877713,-0.011791306107152897,-0.3550853199326594,-0.6376592957340457,-0.9621234230040193,-0.03824749186848655,-2.166073120187394,-0.3402515988929316,-0.6808093674803385,-0.924802626853895,-0.18500742706880152,-2.066784283350384,-0.6945485150621342,-0.709175310502964,-0.8951638520253719,-0.8973793380552512,-0.8345229603962803,0.0,0.0,0.0,-0.842280853213661,-0.8493630427962094,-0.010798642452965416,-0.8568123292309067,0.7987058497862394,-0.7459423972507937,-0.8046810417834008,-0.8454575254735813,-0.6121051808466668,0.0,-0.8345229603962803,0.0,-0.41573970964154894,0.41573970964154905,-0.10314212462587932,0.0,0.0,-0.98952850725316,-0.8049753678635246,-1.1205693330928101,-0.5849934654815921,-0.842280853213661,0.0,0.0,0.0,0.0,0.0,0.0,-0.8385874011869888,-0.4393885583120845,-0.799909611598482,-0.562671422584888,-0.4472624953103989,-1.0266364957946341,-0.49336606414302675,-0.6103679378930736,-0.41731116730126383,-0.31055090266762864,-0.4201866485764526,-0.3663902175232652,-0.7753895421676896,-0.6331371228734525,-0.9009819291415246,-0.6096988731170965,BENIGN,0
0.0,0.8346294367165045,0.9750610370507747,0.6678408475018096,-0.40865817268925736,1.8038682900736935,2.095107207043248,-1.2520253861514021,-1.1130221474148558,-0.7561177453864646,1.465377387562545,-1.1726039399558574,1.7087049668367484,1.7129446627028853,0.6104447744496877,-0.10436440079423462,-0.350532250978347,-0.61922699604148,-0.8958137528586232,-0.10646211263667689,0.8374279291636119,-0.3361351193510583,-0.6549836982790019,-0.858733250386981,-0.18521287452567614,0.8182428991041717,-0.6704099984231034,-0.6800180762539813,-0.829000672302663,-0.8937682300784954,-0.8345229603962803,0.0,0.0,0.0,1.3910617676526709,1.1291498432800455,-0.10506097790004751,0.6112930481051728,-1.2520253861514021,1.4424134893960527,1.6865505432284693,1.696621217983572,1.6945940833480087,0.0,-0.8345229603962803,0.0,-0.41573970964154894,0.41573970964154905,-0.10314212462587932,0.0,0.0,-0.98952850725316,1.6833538623891657,-1.1130221474148558,1.7087049668367484,1.3910617676526709,0.0,0.0,0.0,0.0,0.0,0.0,0.9750610370507747,-0.40865817268925736,0.6678408475018096,1.8038682900736935,-0.452341560667092,-0.7617293997813825,-0.4027821008413605,1.678511829205953,-0.41731116730126383,-0.31055090266762864,-0.4201866485764526,-0.3663902175232652,-0.7753895421676896,-0.6331371228734525,-0.9009819291415246,-0.6096988731170965,BENIGN,0
0.0,-0.46824076121525454,-0.8269282326554603,-0.7857078655017206,-0.433901726531975,-0.5626350720184327,-0.689922512310882,0.7987058497862394,-0.1761052653332213,-0.1238946865878216,-0.581755509392228,0.8528028654224417,-0.5813522684085505,-0.5859156840843114,-0.3943279755169121,-0.10831004373543182,0.005538022668994898,0.43888931273399195,0.8674396013064231,-0.10532016428309812,-0.4119488622461474,0.030814060877101618,0.9602076495021498,0.8974246694570205,-0.1851577174498157,-0.38183143309331175,0.8346973363835,0.8903663177728027,0.92856741300284,1.1753966406025276,1.1982893790305564,0.0,0.0,0.0,-0.8333100045178665,-0.8373981608049403,-0.10733563111646285,-0.8324312043502808,0.7987058497862394,-0.6285110472764236,-0.6666119063102967,-0.6560421807352764,-0.5992983021330405,0.0,1.1982893790305564,0.0,-0.41573970964154894,0.41573970964154905,-0.10314212462587932,0.0,0.0,1.010582305279823,-0.6678132871605682,-0.1761052653332213,-0.5813522684085505,-0.8333100045178665,0.0,0.0,0.0,0.0,0.0,0.0,-0.8269282326554603,-0.433901726531975,-0.7857078655017206,-0.5626350720184327,-0.4472624953103989,0.07310639136895032,-0.4800012170985186,-0.6103679378930736,-0.3340098516391569,-0.3079848076041357,-0.36233796747596336,-0.2489736628042525,0.4604614892864311,2.1246204279058283,0.900250164900167,-0.1357919656524338,BENIGN,0
0.0,0.8347488490474464,0.9685837211999256,0.6983746016098467,-0.419192535908135,1.8237841595917692,2.095107207043248,-1.2520253861514021,-1.1262602920946811,-0.8542907985809874,1.6929413699662386,-1.1726039399558574,1.6808708395685414,1.6992164488025054,0.6179290107425165,-0.10433743057813268,-0.35056548948958804,-0.6193350149110828,-0.9290796298729629,-0.10642852592039516,0.8374279291636119,-0.33611946637161,-0.6550551166472665,-0.89185819189988,-0.18521287452567614,0.8182428991041717,-0.6709012485068229,-0.6805362759063968,-0.8621592899409022,-0.8937682300784954,-0.8345229603962803,0.0,0.0,0.0,1.3833867082129356,1.1703090373300113,-0.10506928432410188,0.6417768595435397,-1.2520253861514021,1.685676142847967,1.6882872248203853,1.6825150298574092,1.669065012464995,0.0,-0.8345229603962803,0.0,-0.41573970964154894,0.41573970964154905,-0.10314212462587932,0.0,0.0,-0.98952850725316,1.6850883075959844,-1.1262602920946811,1.6808708395685414,1.3833867082129356,0.0,0.0,0.0,0.0,0.0,0.0,0.9685837211999256,-0.419192535908135,0.6983746016098467,1.8237841595917692,-0.452341560667092,-0.8480134253399845,-0.40500957534877857,1.678511829205953,-0.41731116730126383,-0.31055090266762864,-0.4201866485764526,-0.3663902175232652,-0.7753895421676896,-0.6331371228734525,-0.9009819291415246,-0.6096988731170965,BENIGN,0
0.0,0.6291280657606424,-0.8262805010703754,-0.7849977781968825,-0.4326486886455986,-0.5626332544901099,-0.689922512310882,0.7987058497862394,-0.01101632116681167,0.05071997597108943,-0.581755509392228,0.8528028654224417,-0.5813522684085505,-0.5859156840843114,-0.39452990396622184,-0.10832951934483433,0.19513583557080547,0.8004576540445587,0.8607863992907471,-0.1052865775668164,0.6355084477236508,0.2250643789772318,1.485845912754353,0.8907981438004884,-0.18516976092142562,0.624291491880336,1.6348021248950098,1.4027194955798843,0.921935662948192,1.030952321532299,1.1982893790305564,0.0,0.0,0.0,-0.8328116240347669,-0.8367999167053769,-0.10734536791617612,-0.8408457865431922,0.7987058497862394,-0.6285110472764236,-0.6425424164891065,-0.6300273810460497,-0.5955388654925448,0.0,1.1982893790305564,0.0,-0.41573970964154894,0.41573970964154905,-0.10314212462587932,0.0,0.0,1.010582305279823,-0.6433339356470095,-0.01101632116681167,-0.5813522684085505,-0.8328116240347669,0.0,0.0,0.0,0.0,0.0,0.0,-0.8262805010703754,-0.4326486886455986,-0.7849977781968825,-0.5626332544901099,-0.4472624953103989,0.07310639136895032,-0.47925872559604593,-0.6103679378930736,-0.33169832380076403,-0.31016481497619797,-0.3615220891849405,-0.2440618425375179,1.2223873464366117,-0.633003425228566,0.8937002300127426,1.4192150744659908,BENIGN,0
0.0,0.8539345261953829,0.33834088891230274,0.490319021292292,0.281730322810894,-0.5593689736224254,-0.3800489480973106,0.7987058497862394,0.2536869406305467,0.1185465223061674,-0.581755509392228,0.8528028654224417,-0.5813522684085505,-0.5859156840843114,-0.331371390552685,-0.10539623371342176,-0.3488071873794219,-0.5677629643408436,0.1422405815977385,-0.10632776577154998,0.862667864343607,-0.33375669796990426,-0.5751376208687642,0.17844663572328692,-0.1852036648120921,0.8424868250071512,-0.6669209968489924,-0.6062067989775862,0.20570665704620328,0.8215080588804679,-0.8345229603962803,0.0,0.0,0.0,0.06327648457847611,0.23764648611058642,-0.10587805965136174,0.425796238406032,0.7987058497862394,-0.5334235736204958,-0.6003981800770557,-0.6053532355612983,-0.5915267233599978,0.0,-0.8345229603962803,0.0,-0.41573970964154894,0.41573970964154905,-0.10314212462587932,0.0,0.0,-0.98952850725316,-0.6051942450928338,0.2536869406305467,-0.5813522684085505,0.06327648457847611,0.0,0.0,0.0,0.0,0.0,0.0,0.33834088891230274,0.281730322810894,0.490319021292292,-0.5593689736224254,0.3245014856391254,1.4672745938158345,0.8557409958498218,-0.6103679378930736,0.44342099576663124,0.596563424860095,0.5186561419714472,-0.19628974435433125,-0.23948953737784967,0.8518092506230831,0.18630726217091464,-0.4205725117498475,BENIGN,0
0.0,0.35898117254435435,-0.8236895747300358,-0.7821574289775303,-0.43082514998036603,-0.5626259843768189,-0.429322129686041,0.7987058497862394,0.0650545137836987,0.7663638608597515,-0.581755509392228,0.8528028654224417,-0.5813522684085505,-0.5859156840843114,-0.39427283233573635,-0.10831798872128151,0.06255469352595067,0.42587359309525685,0.8674396013064231,-0.10542092443194331,0.3831090959236994,0.0871522272365742,0.908925867721447,0.8974246694570205,-0.1851682428367689,0.3818522328505414,1.066745586062086,0.8403806418891849,0.92856741300284,0.9117857582993607,1.1982893790305564,0.0,0.0,0.0,-0.8308181021023682,-0.834406940307123,-0.10733960319940743,-0.8358638947001444,0.7987058497862394,-0.5485434899262087,-0.6310277745945925,-0.5522956137020473,-0.5814271083680255,0.0,1.1982893790305564,0.0,-0.41573970964154894,0.41573970964154905,-0.10314212462587932,0.0,0.0,1.010582305279823,-0.6322366296275295,0.0650545137836987,-0.5813522684085505,-0.8308181021023682,0.0,0.0,0.0,0.0,0.0,0.0,-0.8236895747300358,-0.43082514998036603,-0.7821574289775303,-0.5626259843768189,-0.4472624953103989,0.07310639136895032,-0.47628875958615524,-0.6103679378930736,-0.33365755172094125,-0.3075264898510535,-0.3617194855685127,-0.2500435247002212,0.42400570664766646,1.128507332641071,0.900250164900167,0.19742382865865718,BENIGN,0
0.0,-1.632345166523707,-0.8178599904642715,-0.7771868178436637,-0.4194991616497424,-0.5626132616785595,-0.27657526676097666,0.7987058497862394,0.9239913787761176,1.6460890943097992,-0.581755509392228,0.8528028654224417,-0.5813522684085505,-0.5859156840843114,-0.3867930074563337,-0.10810779413365221,-0.2775255755506114,-0.3445886272486492,-0.31683035748390587,-0.10639493920411344,-1.535125977755931,-0.26351582426713543,-0.24283108918929874,-0.2820968974056945,-0.1852125709087448,-1.4606861357758978,-0.3571841811557788,-0.2690059799983095,-0.2518840967245117,-0.8937682300784954,1.1982893790305564,0.0,0.0,0.0,-0.826332677754471,-0.8302192316101789,-0.10723059776442619,-0.7484345617773681,0.7987058497862394,-0.5016717493784987,-0.4956106229477401,-0.4156899645916133,-0.5461756110306015,0.0,1.1982893790305564,0.0,-0.41573970964154894,0.41573970964154905,-0.10314212462587932,0.0,0.0,-0.98952850725316,-0.4955865075953364,0.9239913787761176,-0.5813522684085505,-0.826332677754471,0.0,0.0,0.0,0.0,0.0,0.0,-0.8178599904642715,-0.4194991616497424,-0.7771868178436637,-0.5626132616785595,-0.4472624953103989,0.07310639136895032,-0.4696063360639012,-0.6103679378930736,0.32338781420831175,-0.31055090266762864,0.0861918756691172,0.6944151682044257,-0.06814735897565594,-0.6331371228734525,-0.26563824506136435,0.10856628350903293,BENIGN,0
0.0,0.8533574887478564,1.9945905519744318,2.306012259763238,2.982828912199385,-0.5547215537011174,-0.3789539885064499,0.7987058497862394,1.6208449548385233,0.10049106877990589,-0.581755509392228,0.8528028654224417,-0.5813522684085505,-0.5859156840843114,-0.09557715399446066,-0.10121730508287236,-0.3527178711498625,-0.6352073944636782,-0.9234995560764053,-0.10639493920411344,0.862667864343607,-0.33767365389808496,-0.6778001371870659,-0.8852302084077035,-0.18520325998951698,0.8424868250071512,-0.6830776155272085,-0.7063542140675871,-0.8565817560336912,1.005674565695009,-0.8345229603962803,0.0,0.0,0.0,1.337635379864384,1.7673566486943384,-0.1037888108288286,2.2313333689455925,0.7987058497862394,-0.5330875754803688,-0.397235933543992,-0.5088807654626711,-0.5716679665197796,0.0,-0.8345229603962803,0.0,-0.41573970964154894,0.41573970964154905,-0.10314212462587932,0.0,0.0,-0.98952850725316,-0.4019414628664325,1.6208449548385233,-0.5813522684085505,1.337635379864384,0.0,0.0,0.0,0.0,0.0,0.0,1.9945905519744318,2.982828912199385,2.306012259763238,-0.5547215537011174,0.3245014856391254,1.4672745938158345,2.754291767672449,-0.6103679378930736,-0.41731116730126383,-0.31055090266762864,-0.4201866485764526,-0.3663902175232652,-0.7753895421676896,-0.6331371228734525,-0.9009819291415246,-0.6096988731170965,DDoS,1
0.0,-0.5092300777407401,-0.8269282326554603,-0.7857078655017206,-0.43389582988309794,-0.5626350720184327,-0.689922512310882,0.7987058497862394,-0.17505992602192116,-0.12216847730738879,-0.581755509392228,0.8528028654224417,-0.5813522684085505,-0.5859156840843114,-0.39430749399523585,-0.10830874263912868,-0.0025986428990820024,0.42981971230195565,0.8607863992907471,-0.10535375099937985,-0.4523327585341396,0.02244659524521149,0.9473872040569741,0.8907981438004884,-0.18516854645370023,-0.42062171453807884,0.8002359126031768,0.8778698988018983,0.921935662948192,1.0165078896252762,1.1982893790305564,0.0,0.0,0.0,-0.8333100045178665,-0.8373981608049403,-0.10733498063545094,-0.83186905599551,0.7987058497862394,-0.6285110472764236,-0.6664603485257884,-0.6558170702201322,-0.5992678434092539,0.0,1.1982893790305564,0.0,-0.41573970964154894,0.41573970964154905,-0.10314212462587932,0.0,0.0,1.010582305279823,-0.6676578627065138,-0.17505992602192116,-0.5813522684085505,-0.8333100045178665,0.0,0.0,0.0,0.0,0.0,0.0,-0.8269282326554603,-0.43389582988309794,-0.7857078655017206,-0.5626350720184327,-0.4472624953103989,0.07310639136895032,-0.4800012170985186,-0.6103679378930736,-0.3341570102508283,-0.3081767066375536,-0.36250585977373473,-0.2490434592572809,0.43129686317541943,2.1891833137100254,0.8937002300127426,-0.18762553365638127,DDoS,1
0.0,-2.1559778179132043,-0.8301668905808849,-0.789258302025911,-0.4394062482587157,-0.5626441596600466,-1.0758957680892705,-1.2520253861514021,-1.1519295124318114,-1.5458308869578954,-0.581755509392228,0.8528028654224417,-0.5813522684085505,-0.5859156840843114,-0.3949018831584635,-0.10777894368870285,-0.32052160296469234,-0.6087535802536377,-0.945113414272611,-0.09645327118472183,-2.039806255579969,-0.3041650423288769,-0.6508615451344772,-0.9078422000991425,-0.1851348449743213,-1.9454525499221118,-0.5450633460030352,-0.6799833333350658,-0.8781226749736963,2.1070624986055013,-0.8345229603962803,0.0,0.0,0.0,-0.8318148630685676,-0.8403893813027576,-0.10707010849917879,-0.6029654709461891,-1.2520253861514021,-0.7459423972507937,-0.809491778985557,-0.8422657367913838,-0.6121015443663624,0.0,-0.8345229603962803,0.0,2.405351177211819,-2.405351177211819,-0.10314212462587932,0.0,0.0,1.010582305279823,-0.8143008351067851,-1.1519295124318114,-0.5813522684085505,-0.8318148630685676,0.0,0.0,0.0,0.0,0.0,0.0,-0.8301668905808849,-0.4394062482587157,-0.789258302025911,-0.5626441596600466,1.5683645914932782,-1.0258796183774535,-0.49410855564549944,0.9155519068396109,-0.41731116730126383,-0.31055090266762864,-0.4201866485764526,-0.3663902175232652,-0.7753895421676896,-0.6331371228734525,-0.9009819291415246,-0.6096988731170965,DDoS,1
0.0,0.3214201835167042,-0.8301668905808849,-0.789258302025911,-0.431876227642703,-0.5626441596600466,-0.27657526676097666,0.7987058497862394,0.6279348881008385,1.3124172121938729,-0.581755509392228,0.8528028654224417,-0.5813522684085505,-0.5859156840843114,-0.3943785715074442,-0.10833696392920676,0.34083879684013335,1.555469052678326,2.3145110397159545,-0.10632776577154998,0.35029718018970574,0.38217978801417446,2.6909677846008675,2.338693999752754,-0.1852125709087448,0.35033512917666804,2.2819575447278653,2.5773828788449005,2.3709730498887893,-0.8829349061482282,1.1982893790305564,0.0,0.0,0.0,-0.835801906933365,-0.8403893813027576,-0.107349089824204,-0.8440622747053528,0.7987058497862394,-0.5016717493784987,-0.5505137596799706,-0.47446295860531373,-0.5629750322299112,0.0,1.1982893790305564,0.0,-0.41573970964154894,0.41573970964154905,-0.10314212462587932,0.0,0.0,1.010582305279823,-0.546556308870698,0.6279348881008385,-0.5813522684085505,-0.835801906933365,0.0,0.0,0.0,0.0,0.0,0.0,-0.8301668905808849,-0.431876227642703,-0.789258302025911,-0.5626441596600466,-0.4472624953103989,-0.5323955423756247,-0.483713674610882,-0.6103679378930736,-0.3335936973607646,-0.31055090266762864,-0.36295323805434726,-0.24649273526754067,2.815505047750626,-0.6331371228734525,2.3248610029149592,3.037162875732066,DDoS,1
0.0,0.327717626535557,-0.8301668905808849,-0.789258302025911,-0.43193961661813146,-0.5626441596600466,-0.27657526676097666,0.7987058497862394,0.6129516916539844,1.3233143939929553,-0.581755509392228,0.8528028654224417,-0.5813522684085505,-0.5859156840843114,-0.3943870854243428,-0.10833703500332012,0.3425199475666776,1.555469052678326,2.3244908427394684,-0.10632776577154998,0.35534516722570475,0.3839271419099541,2.7037882300460434,2.348633788237552,-0.185212469703101,0.35518391435726393,2.2891428104794898,2.589879297815805,2.3809206749707617,-0.886546014124984,1.1982893790305564,0.0,0.0,0.0,-0.835801906933365,-0.8403893813027576,-0.10734912535759308,-0.8440929828057375,0.7987058497862394,-0.5016717493784987,-0.5526685689361983,-0.47408756609564845,-0.5628755568099434,0.0,1.1982893790305564,0.0,-0.41573970964154894,0.41573970964154905,-0.10314212462587932,0.0,0.0,1.010582305279823,-0.5487840594824265,0.6129516916539844,-0.5813522684085505,-0.835801906933365,0.0,0.0,0.0,0.0,0.0,0.0,-0.8301668905808849,-0.43193961661813146,-0.789258302025911,-0.5626441596600466,-0.4472624953103989,0.07310639136895032,-0.483713674610882,-0.6103679378930736,-0.33365432230502423,-0.31055090266762864,-0.3629946842701151,-0.24657956037326578,2.8264417825422554,-0.6331371228734525,2.3346859052460958,3.048270068875769,DDoS,1
0.0,0.8346985922137312,0.9679359896148407,0.7012149508291989,-0.419192535908135,1.8237699222865744,2.095107207043248,-1.2520253861514021,-1.1262510949537656,-0.8541671237014763,1.465377387562545,-1.1726039399558574,1.6765699977719517,1.619972751011287,0.6179392872151765,-0.1043348999183911,-0.35056858546826003,-0.6193478975387504,-0.92908265707988,-0.10646211263667689,0.8374279291636119,-0.33611798917794816,-0.6550606134901737,-0.8918104477825247,-0.18521287452567614,0.8182428991041717,-0.6709463947678262,-0.6805736904097313,-0.862162307387177,-0.8937682300784954,-0.8345229603962803,0.0,0.0,0.0,1.3822902711501162,1.1741377995672173,-0.10507006923038432,0.6446419587250933,-1.2520253861514021,1.4424134893960527,1.686742202246897,1.6446740096048935,1.6012828408653816,0.0,-0.8345229603962803,0.0,-0.41573970964154894,0.41573970964154905,-0.10314212462587932,0.0,0.0,-0.98952850725316,1.6835418840139686,-1.1262510949537656,1.6765699977719517,1.3822902711501162,0.0,0.0,0.0,0.0,0.0,0.0,0.9679359896148407,-0.419192535908135,0.7012149508291989,1.8237699222865744,-0.452341560667092,-0.8480134253399845,-0.40500957534877857,1.678511829205953,-0.41731116730126383,-0.31055090266762864,-0.4201866485764526,-0.3663902175232652,-0.7753895421676896,-0.6331371228734525,-0.9009819291415246,-0.6096988731170965,DDoS,1
0.0,0.3577550366788754,-0.8230418431449509,-0.7814473416726921,-0.430841365764778,-0.5626241668484961,-0.43151204886776234,0.7987058497862394,0.016036141356378777,0.4873983656836811,-0.581755509392228,0.8528028654224417,-0.5813522684085505,-0.5859156840843114,-0.3942731707033194,-0.10831602593181532,0.045974395047682665,0.40512846128072566,0.8674396013064231,-0.10538733771566158,0.3831090959236994,0.06985767972322161,0.8832849768310956,0.8974246694570205,-0.18517127900608232,0.3818522328505414,0.9955120748905664,0.8153878039473761,0.92856741300284,1.0092856736717648,1.1982893790305564,0.0,0.0,0.0,-0.8303197216192685,-0.8338086962075596,-0.10733862190595897,-0.8350158568827201,0.7987058497862394,-0.5492154862064625,-0.6380790100035307,-0.5835141591911073,-0.5876129813787041,0.0,1.1982893790305564,0.0,-0.41573970964154894,0.41573970964154905,-0.10314212462587932,0.0,0.0,1.010582305279823,-0.6395678816038676,0.016036141356378777,-0.5813522684085505,-0.8303197216192685,0.0,0.0,0.0,0.0,0.0,0.0,-0.8230418431449509,-0.430841365764778,-0.7814473416726921,-0.5626241668484961,-0.4472624953103989,0.07310639136895032,-0.47554626808368256,-0.6103679378930736,-0.33535950283483945,-0.30834099390635594,-0.36289623696341233,-0.25044506453541476,0.42400570664766646,1.128507332641071,0.900250164900167,0.19001903322952182,DDoS,1
0.0,-0.01688479200518658,0.3098406991685665,0.460495354489093,0.7182164884756987,-0.5594453098119815,-0.37840650871101955,0.7987058497862394,1.1604052134084737,0.02955636885654979,-0.581755509392228,0.8528028654224417,-0.5813522684085505,-0.5859156840843114,-0.254669852994345,-0.10435404367352745,-0.35054468751366863,-0.5774210228620877,-0.004129862747133624,-0.10575679159476059,0.022178022849768962,-0.33549456202355293,-0.5896494918096001,0.032663071279580576,-0.18517107659479476,0.03516409243793504,-0.6741051786158115,-0.6204217762083339,0.05980815584394634,1.0020634577182534,1.1982893790305564,0.0,0.0,0.0,0.04134774332208974,0.21252023392892136,-0.10535783522456633,0.8767881062296319,0.7987058497862394,-0.5329195764103054,-0.4657644536009106,-0.5507329791941035,-0.5810991914334485,0.0,1.1982893790305564,0.0,-0.41573970964154894,0.41573970964154905,-0.10314212462587932,0.0,0.0,1.010582305279823,-0.4704537830726728,1.1604052134084737,-0.5813522684085505,0.04134774332208974,0.0,0.0,0.0,0.0,0.0,0.0,0.3098406991685665,0.7182164884756987,0.460495354489093,-0.5594453098119815,-0.4472624953103989,1.9842218697502654,0.8230713697410241,-0.6103679378930736,2.973575545525036,4.971462710720347,3.754541138207309,0.6111795342835573,-0.14105892425318517,0.8610325200236827,0.04220869464757932,-0.3892689982410178,DDoS,1
0.0,0.8167166447595757,1.5780991427648312,1.8501362100571968,2.2543819706844332,-0.5558884068843319,-0.3800489480973106,0.7987058497862394,1.4065825564085968,0.14335496245391238,-0.581755509392228,0.8528028654224417,-0.5813522684085505,-0.5859156840843114,-0.15634114545188502,-0.10219520672821883,-0.3522774753442116,-0.6352395333298964,-0.946688393519772,-0.10626059233898652,0.8374279291636119,-0.33723224435201626,-0.6782470249616118,-0.9088414801681476,-0.18520386722337967,0.8182428991041717,-0.6812599809110343,-0.7067479805881112,-0.8796943997366479,1.0851189411836348,-0.8345229603962803,0.0,0.0,0.0,1.0171767292312832,1.3832839367746008,-0.10427811484897553,1.809172519054273,0.7987058497862394,-0.5334235736204958,-0.4291237867998331,-0.5230488743320655,-0.5750007006130886,0.0,-0.8345229603962803,0.0,-0.41573970964154894,0.41573970964154905,-0.10314212462587932,0.0,0.0,-0.98952850725316,-0.43384134278443603,1.4065825564085968,-0.5813522684085505,1.0171767292312832,0.0,0.0,0.0,0.0,0.0,0.0,1.5780991427648312,2.2543819706844332,1.8501362100571968,-0.5558884068843319,0.49795156757019654,1.9842218697502654,2.2768697315825195,-0.6103679378930736,-0.41731116730126383,-0.31055090266762864,-0.4201866485764526,-0.3663902175232652,-0.7753895421676896,-0.6331371228734525,-0.9009819291415246,-0.6096988731170965,DDoS,1
0.0,-1.639943397746453,-0.4577212291570585,-0.4903115466890833,-0.42843553302293524,-0.066885137937108,2.095107207043248,-1.2520253861514021,-1.0860022653687562,-0.05025271305881593,1.465377387562545,-1.1726039399558574,1.6930972644514564,1.6970758022591004,0.6231126358219256,-0.1042979558595233,-0.35060956726778475,-0.6196847643181006,-0.9290635956561051,-0.10642852592039516,-1.5426979583099294,-0.33619683856597293,-0.6554933203700138,-0.8918393394343872,-0.18521287452567614,-1.4825056690885794,-0.671422881987963,-0.6809417011509453,-0.8621433074232705,-0.8901571221017397,-0.8345229603962803,0.0,0.0,0.0,-0.3728064381337528,-0.4320279589407439,-0.1050244885913965,0.6371748966177326,-1.2520253861514021,1.4424134893960527,1.6817060199690894,1.6850118941142236,1.6735734354403673,0.0,-0.8345229603962803,0.0,-0.41573970964154894,0.41573970964154905,-0.10314212462587932,0.0,0.0,-0.98952850725316,1.6804267722968949,-1.0860022653687562,1.6930972644514564,-0.3728064381337528,0.0,0.0,0.0,0.0,0.0,0.0,-0.4577212291570585,-0.42843553302293524,-0.4903115466890833,-0.066885137937108,-0.4233908881339411,-0.7617293997813825,-0.47554626808368256,1.678511829205953,-0.41731116730126383,-0.31055090266762864,-0.4201866485764526,-0.3663902175232652,-0.7753895421676896,-0.6331371228734525,-0.9009819291415246,-0.6096988731170965,DDoS,1
0.0,0.8346650091316185,0.9744133054656898,0.6692610221114857,-0.4213271228016327,1.8242085524551348,1.3023564632601186,-1.2520253861514021,-1.1290447546408666,-1.0251364134100815,1.920505352369932,-1.1726039399558574,1.7261829015227301,1.7892961104391782,0.6179501865043614,-0.10436362445949816,-0.35053321401882775,-0.6192888460958839,-0.9290825572818497,-0.10642852592039516,0.8374279291636119,-0.3361335273508403,-0.6551123265517392,-0.8918612732343103,-0.18521287452567614,0.8182428991041717,-0.6704330686155443,-0.6802912715034422,-0.8621622079109262,-0.8901571221017397,-0.8345229603962803,0.0,0.0,0.0,1.3902643588797112,1.1310642243986486,-0.10506182599770904,0.6126968199956858,-1.2520253861514021,1.9289387962998812,1.704249207708513,1.74294873300431,1.7794359879756907,0.0,-0.8345229603962803,0.0,-0.41573970964154894,0.41573970964154905,-0.10314212462587932,0.0,0.0,-0.98952850725316,1.7010649125628847,-1.1290447546408666,1.7261829015227301,1.3902643588797112,0.0,0.0,0.0,0.0,0.0,0.0,0.9744133054656898,-0.4213271228016327,0.6692610221114857,1.8242085524551348,-0.452341560667092,-0.8480134253399845,-0.40500957534877857,1.678511829205953,-0.41731116730126383,-0.31055090266762864,-0.4201866485764526,-0.3663902175232652,-0.7753895421676896,-0.6331371228734525,-0.9009819291415246,-0.6096988731170965,DDoS,1
0.0,-1.632345166523707,-0.8178599904642715,-0.7771868178436637,-0.4194991616497424,-0.5626132616785595,-0.27657526676097666,0.7987058497862394,0.9239913787761176,1.6460890943097992,-0.581755509392228,0.8528028654224417,-0.5813522684085505,-0.5859156840843114,-0.3867930074563337,-0.10810779413365221,-0.2775255755506114,-0.3445886272486492,-0.31683035748390587,-0.10639493920411344,-1.535125977755931,-0.26351582426713543,-0.24283108918929874,-0.2820968974056945,-0.1852125709087448,-1.4606861357758978,-0.3571841811557788,-0.2690059799983095,-0.2518840967245117,-0.8937682300784954,1.1982893790305564,0.0,0.0,0.0,-0.826332677754471,-0.8302192316101789,-0.10723059776442619,-0.7484345617773681,0.7987058497862394,-0.5016717493784987,-0.4956106229477401,-0.4156899645916133,-0.5461756110306015,0.0,1.1982893790305564,0.0,-0.41573970964154894,0.41573970964154905,-0.10314212462587932,0.0,0.0,-0.98952850725316,-0.4955865075953364,0.9239913787761176,-0.5813522684085505,-0.826332677754471,0.0,0.0,0.0,0.0,0.0,0.0,-0.8178599904642715,-0.4194991616497424,-0.7771868178436637,-0.5626132616785595,-0.4472624953103989,0.07310639136895032,-0.4696063360639012,-0.6103679378930736,0.32338781420831175,-0.31055090266762864,0.0861918756691172,0.6944151682044257,-0.06814735897565594,-0.6331371228734525,-0.26563824506136435,0.10856628350903293,DDoS,1
0.0,0.8347201345960998,0.9698791843700955,0.712576347706608,-0.4213271228016327,1.8242085524551348,1.3023564632601186,-1.2520253861514021,-1.1289874198860006,-1.0244861357341724,1.465377387562545,-1.1726039399558574,1.6599942825379255,1.6497762861272487,0.6179322959925141,-0.10431931114911308,-0.3505875712835414,-0.6193716543439219,-0.92908265707988,-0.10642852592039516,0.8374279291636119,-0.3361226200884069,-0.6550591832028186,-0.8918564690032093,-0.18521287452567614,0.8182428991041717,-0.6711236097071777,-0.6806576526116512,-0.862162307387177,-0.8937682300784954,-0.8345229603962803,0.0,0.0,0.0,1.3846824974689946,1.1894528485160418,-0.10506761953628213,0.6559954117928428,-1.2520253861514021,1.4424134893960527,1.6766379279210886,1.648815590034311,1.6086515655183529,0.0,-0.8345229603962803,0.0,-0.41573970964154894,0.41573970964154905,-0.10314212462587932,0.0,0.0,-0.98952850725316,1.6734285313569934,-1.1289874198860006,1.6599942825379255,1.3846824974689946,0.0,0.0,0.0,0.0,0.0,0.0,0.9698791843700955,-0.4213271228016327,0.712576347706608,1.8242085524551348,-0.452341560667092,-0.8480134253399845,-0.40500957534877857,1.678511829205953,-0.41731116730126383,-0.31055090266762864,-0.4201866485764526,-0.3663902175232652,-0.7753895421676896,-0.6331371228734525,-0.9009819291415246,-0.6096988731170965,DDoS,1
0.0,-0.23918998029609692,-0.8087917482730828,-0.7629850717469023,-0.42165438681430983,-0.5624939106520314,-0.27657526676097666,-1.2520253861514021,0.15931798618018006,1.1030980766428669,-0.540737415878855,-1.1726039399558574,-0.5781545504657329,-0.550908989451635,-0.3927059109381532,-0.10824117791596498,-0.1953591854095703,-0.20102921297795906,0.019156344307732394,-0.10639493920411344,-0.1923614261801897,-0.17146699952943095,-0.017138878988403224,0.05254264824917689,-0.185212469703101,-0.1709092777373904,-0.05308015405960121,-0.08615609901900075,0.08301928103521448,-0.8937682300784954,-0.8345229603962803,0.0,0.0,0.0,-0.8190563227012154,-0.8178954031591718,-0.10730370742386061,-0.8005118091455019,-1.2520253861514021,-0.5016717493784987,-0.6197722998114625,-0.5156847994146715,-0.573286350305288,0.0,-0.8345229603962803,0.0,2.405351177211819,-2.405351177211819,-0.10314212462587932,0.0,0.0,1.010582305279823,-0.6226935681485929,0.15931798618018006,-0.5781545504657329,-0.8190563227012154,0.0,0.0,0.0,0.0,0.0,0.0,-0.8087917482730828,-0.42165438681430983,-0.7629850717469023,-0.5624939106520314,1.5683645914932782,-0.6186795679342267,-0.45921145502928373,-0.6103679378930736,-0.12008104015976105,0.31560028284001995,0.32857366070281563,-0.36574880493835654,-0.2795908982804908,0.3076363559877067,0.06513346675356449,-0.400032868044649,DDoS,1
0.0,0.8357279673401284,0.9770042318060295,0.6401474426131248,-0.419192535908135,1.823933196914236,2.095107207043248,-1.2520253861514021,-1.1263792581789576,-0.8558925654842906,2.1480693347736257,-1.1726039399558574,1.7726358549008854,1.8517398191318282,0.6176744946568377,-0.1043953884508965,-0.35049350422742737,-0.6193558395156369,-0.9290577408383313,-0.10646211263667689,0.8374279291636119,-0.33613967137014467,-0.6552137874416084,-0.8918404990763771,-0.18521287452567614,0.8182428991041717,-0.6699369091411401,-0.6800627640105601,-0.8621374714832224,-0.8937682300784954,-0.8345229603962803,0.0,0.0,0.0,1.3937530222614092,1.0918194114672861,-0.10505932328996818,0.583086231277661,-1.2520253861514021,2.172201449751795,1.7241627420605339,1.7931149345039024,1.8730357898296959,0.0,-0.8345229603962803,0.0,-0.41573970964154894,0.41573970964154905,-0.10314212462587932,0.0,0.0,-0.98952850725316,1.7209964948149883,-1.1263792581789576,1.7726358549008854,1.3937530222614092,0.0,0.0,0.0,0.0,0.0,0.0,0.9770042318060295,-0.419192535908135,0.6401474426131248,1.823933196914236,-0.4233908881339411,-0.7617293997813825,-0.40500957534877857,1.678511829205953,-0.41731116730126383,-0.31055090266762864,-0.4201866485764526,-0.3663902175232652,-0.7753895421676896,-0.6331371228734525,-0.9009819291415246,-0.6096988731170965,DDoS,1
0.0,-2.2869382792781634,-0.8385874011869888,-0.799909611598482,-0.4393885583120845,-0.562671422584888,-1.0726108893166884,0.7987058497862394,-1.1205693330928101,-1.5458308869578954,-0.5826984540706963,-1.1726039399558574,-0.5849934654815921,-0.5859156840843114,-0.30467388377877713,-0.011791306107152897,-0.3550853199326594,-0.6376592957340457,-0.9621234230040193,-0.03824749186848655,-2.166073120187394,-0.3402515988929316,-0.6808093674803385,-0.924802626853895,-0.18500742706880152,-2.066784283350384,-0.6945485150621342,-0.709175310502964,-0.8951638520253719,-0.8973793380552512,-0.8345229603962803,0.0,0.0,0.0,-0.842280853213661,-0.8493630427962094,-0.010798642452965416,-0.8568123292309067,0.7987058497862394,-0.7459423972507937,-0.8046810417834008,-0.8454575254735813,-0.6121051808466668,0.0,-0.8345229603962803,0.0,-0.41573970964154894,0.41573970964154905,-0.10314212462587932,0.0,0.0,-0.98952850725316,-0.8049753678635246,-1.1205693330928101,-0.5849934654815921,-0.842280853213661,0.0,0.0,0.0,0.0,0.0,0.0,-0.8385874011869888,-0.4393885583120845,-0.799909611598482,-0.562671422584888,-0.4472624953103989,-1.0266364957946341,-0.49336606414302675,-0.6103679378930736,-0.41731116730126383,-0.31055090266762864,-0.4201866485764526,-0.3663902175232652,-0.7753895421676896,-0.6331371228734525,-0.9009819291415246,-0.6096988731170965,PortScan,1
0.0,-0.8070722032457459,-0.8385874011869888,-0.7991995242936439,-0.43930895355224414,-0.5626696050565653,-1.0430469803634501,0.7987058497862394,-0.9794485260673043,-1.306598645252429,-0.581755509392228,0.8528028654224417,-0.5813522684085505,-0.5859156840843114,-0.3951576817336459,-0.10836127275858295,5.3793357444567365,4.156063870194636,0.9173386164239932,-0.09336329328680282,-0.7400680195860841,5.395656860739035,-0.6808093674803385,0.9471236118810112,5.532905999078514,-2.066784283350384,-0.6945485150621342,-0.709175310502964,-0.8951638520253719,-0.8973793380552512,-0.8345229603962803,0.0,0.0,0.0,-0.842280853213661,-0.848764798696646,-0.10736037619714754,-0.8553141667884617,0.7987058497862394,-0.736870447467366,-0.7837092342958095,-0.8171838351057585,-0.6118198307827971,0.0,-0.8345229603962803,0.0,-0.41573970964154894,0.41573970964154905,-0.10314212462587932,0.0,0.0,-0.98952850725316,-0.7785532106742866,-0.9794485260673043,-0.5813522684085505,-0.842280853213661,0.0,0.0,0.0,0.0,0.0,0.0,-0.8385874011869888,-0.43930895355224414,-0.7991995242936439,-0.5626696050565653,-0.4472624953103989,-1.0258796183774535,-0.49336606414302675,-0.6103679378930736,-0.41731116730126383,-0.31055090266762864,-0.4201866485764526,-0.3663902175232652,1.2843621769225118,-0.6331371228734525,0.9493746765558494,1.4821558356136413,PortScan,1
0.0,0.8356854322595102,0.9621064053490764,0.6834627682082471,-0.4255962965886282,1.8250858127922556,-0.28314502430614075,-1.2520253861514021,-1.1343293351003334,-1.3547081309036224,2.1480693347736257,-1.1726039399558574,1.7048970982157516,1.7049807988602323,0.6176191183371257,-0.10436411083200582,-0.3505326110589511,-0.6192939814317469,-0.9290812266414467,-0.10642852592039516,0.8374279291636119,-0.33610256076383127,-0.6550329109819127,-0.8917959356913369,-0.18521287452567614,0.8182428991041717,-0.670656257816869,-0.680427049744229,-0.8621608815609153,-0.8901571221017397,-0.8345229603962803,0.0,0.0,0.0,1.3751135921934807,1.1502080355846793,-0.10507818839930513,0.6264169927396646,-1.2520253861514021,2.172201449751795,1.7028089183416177,1.6967521387832334,1.694831686400231,0.0,-0.8345229603962803,0.0,-0.41573970964154894,0.41573970964154905,-0.10314212462587932,0.0,0.0,-0.98952850725316,1.6996234999590065,-1.1343293351003334,1.7048970982157516,1.3751135921934807,0.0,0.0,0.0,0.0,0.0,0.0,0.9621064053490764,-0.4255962965886282,0.6834627682082471,1.8250858127922556,-0.452341560667092,-0.8480134253399845,-0.40500957534877857,1.678511829205953,-0.41731116730126383,-0.31055090266762864,-0.4201866485764526,-0.3663902175232652,-0.7753895421676896,-0.6331371228734525,-0.9009819291415246,-0.6096988731170965,PortScan,1
0.0,0.8538727783460422,0.6188086652540712,0.7977868242871765,0.9305444954032946,-0.5585819838586685,-0.37950146830188025,0.7987058497862394,1.004913704030775,0.3648512371487126,-0.581755509392228,0.8528028654224417,-0.5813522684085505,-0.5859156840843114,-0.27488228907228457,-0.10468872793957394,-0.3500943647576593,-0.5803012224769928,0.04576915237043642,-0.10639493920411344,0.862667864343607,-0.33504580072789003,-0.5940479062202367,0.07904875087530532,-0.18520143828792893,0.8424868250071512,-0.672243639177648,-0.6246810221099885,0.10954628125380665,0.8215080588804679,-0.8345229603962803,0.0,0.0,0.0,0.27907523376064197,0.496686181221562,-0.1055243432577441,0.7314793674429875,0.7987058497862394,-0.5332555745504323,-0.4887452062972116,-0.5350745477695112,-0.5777170342589366,0.0,-0.8345229603962803,0.0,-0.41573970964154894,0.41573970964154905,-0.10314212462587932,0.0,0.0,-0.98952850725316,-0.4934718955727209,1.004913704030775,-0.5813522684085505,0.27907523376064197,0.0,0.0,0.0,0.0,0.0,0.0,0.6188086652540712,0.9305444954032946,0.7977868242871765,-0.5585819838586685,0.3245014856391254,1.4672745938158345,1.1772398164204896,-0.6103679378930736,4.617641830531727,1.9965355031799927,3.8348243648762272,5.141643123875758,-0.06814735897565594,0.7964696342194856,0.09133320630326182,-0.2986742880837184,PortScan,1
0.0,-0.5411991825791169,-0.8191554536344414,-0.7757666432339876,-0.4218666661738842,-0.5625320787468094,-0.27657526676097666,-1.2520253861514021,0.7914216009819248,1.6203632476556382,-0.540737415878855,-1.1726039399558574,-0.5767829230648442,-0.5426493050734396,-0.3923403787668659,-0.10826947289102021,-0.1475655153242883,-0.004833169493417016,0.2686514198955826,-0.10636135248783171,-0.48262068075013376,-0.12203204114430831,0.2870054826405426,0.30103736036913087,-0.185212469703101,-0.4497144256216542,0.15060620189979712,0.2065095401708883,0.3317099080845161,-0.8901571221017397,-0.8345229603962803,0.0,0.0,0.0,-0.8270304104308105,-0.8286637969513139,-0.10731681735021942,-0.8136322667963886,-1.2520253861514021,-0.5016717493784987,-0.5274682940442852,-0.4351284831774249,-0.5520047629200892,0.0,-0.8345229603962803,0.0,2.405351177211819,-2.405351177211819,-0.10314212462587932,0.0,0.0,1.010582305279823,-0.5279430531574512,0.7914216009819248,-0.5767829230648442,-0.8270304104308105,0.0,0.0,0.0,0.0,0.0,0.0,-0.8191554536344414,-0.4218666661738842,-0.7757666432339876,-0.5625320787468094,1.5683645914932782,-0.6534959291245398,-0.4710913190688465,-0.6103679378930736,-0.3620689254170805,-0.2371754303332198,-0.34685323977816235,-0.3651029775175635,0.0157009410935027,0.7411300178158879,0.31075602503197697,-0.34058361603774434,PortScan,1
0.0,0.8533574887478564,1.9945905519744318,2.306012259763238,2.982828912199385,-0.5547215537011174,-0.3789539885064499,0.7987058497862394,1.6208449548385233,0.10049106877990589,-0.581755509392228,0.8528028654224417,-0.5813522684085505,-0.5859156840843114,-0.09557715399446066,-0.10121730508287236,-0.3527178711498625,-0.6352073944636782,-0.9234995560764053,-0.10639493920411344,0.862667864343607,-0.33767365389808496,-0.6778001371870659,-0.8852302084077035,-0.18520325998951698,0.8424868250071512,-0.6830776155272085,-0.7063542140675871,-0.8565817560336912,1.005674565695009,-0.8345229603962803,0.0,0.0,0.0,1.337635379864384,1.7673566486943384,-0.1037888108288286,2.2313333689455925,0.7987058497862394,-0.5330875754803688,-0.397235933543992,-0.5088807654626711,-0.5716679665197796,0.0,-0.8345229603962803,0.0,-0.41573970964154894,0.41573970964154905,-0.10314212462587932,0.0,0.0,-0.98952850725316,-0.4019414628664325,1.6208449548385233,-0.5813522684085505,1.337635379864384,0.0,0.0,0.0,0.0,0.0,0.0,1.9945905519744318,2.982828912199385,2.306012259763238,-0.5547215537011174,0.3245014856391254,1.4672745938158345,2.754291767672449,-0.6103679378930736,-0.41731116730126383,-0.31055090266762864,-0.4201866485764526,-0.3663902175232652,-0.7753895421676896,-0.6331371228734525,-0.9009819291415246,-0.6096988731170965,PortScan,1
0.0,0.8534018561088706,1.3611090617613844,1.6129670502412814,1.9867905704809787,-0.5564182163904178,-0.44465156395809047,-1.2520253861514021,1.3796097361968553,0.3466456573290987,-0.540737415878855,-1.1726039399558574,-0.5813067266556369,-0.5815902959635516,-0.18251848025824965,-0.10281389508484036,-0.35191873190440387,-0.6230188077322821,-0.636658061613961,-0.10646211263667689,0.862667864343607,-0.33687207537403563,-0.6588444692971692,-0.6006153983107263,-0.18516075361912915,0.8424868250071512,-0.6797796771684197,-0.6877498025288004,-0.5706805783802611,1.0092856736717648,-0.8345229603962803,0.0,0.0,0.0,0.8505182956827467,1.1838293539801454,-0.10458784040606008,1.5422207821845664,-1.2520253861514021,-0.5532474638879861,-0.4331299420151692,-0.5096900955560378,-0.5718622027816915,0.0,-0.8345229603962803,0.0,2.405351177211819,-2.405351177211819,-0.10314212462587932,0.0,0.0,1.010582305279823,-0.43784501455109426,1.3796097361968553,-0.5813067266556369,0.8505182956827467,0.0,0.0,0.0,0.0,0.0,0.0,1.3611090617613844,1.9867905704809787,1.6129670502412814,-0.5564182163904178,1.5683645914932782,1.9842218697502654,2.0281350782541736,-0.6103679378930736,-0.29630157668457,-0.31055090266762864,-0.3374584965933655,-0.1930841530417491,-0.4186423307546161,-0.6331371228734525,-0.5805017697687869,-0.24739145173981286,PortScan,1
0.0,0.327717626535557,-0.8301668905808849,-0.789258302025911,-0.43193961661813146,-0.5626441596600466,-0.27657526676097666,0.7987058497862394,0.6129516916539844,1.3233143939929553,-0.581755509392228,0.8528028654224417,-0.5813522684085505,-0.5859156840843114,-0.3943870854243428,-0.10833703500332012,0.3425199475666776,1.555469052678326,2.3244908427394684,-0.10632776577154998,0.35534516722570475,0.3839271419099541,2.7037882300460434,2.348633788237552,-0.185212469703101,0.35518391435726393,2.2891428104794898,2.589879297815805,2.3809206749707617,-0.886546014124984,1.1982893790305564,0.0,0.0,0.0,-0.835801906933365,-0.8403893813027576,-0.10734912535759308,-0.8440929828057375,0.7987058497862394,-0.5016717493784987,-0.5526685689361983,-0.47408756609564845,-0.5628755568099434,0.0,1.1982893790305564,0.0,-0.41573970964154894,0.41573970964154905,-0.10314212462587932,0.0,0.0,1.010582305279823,-0.5487840594824265,0.6129516916539844,-0.5813522684085505,-0.835801906933365,0.0,0.0,0.0,0.0,0.0,0.0,-0.8301668905808849,-0.43193961661813146,-0.789258302025911,-0.5626441596600466,-0.4472624953103989,0.07310639136895032,-0.483713674610882,-0.6103679378930736,-0.33365432230502423,-0.31055090266762864,-0.3629946842701151,-0.24657956037326578,2.8264417825422554,-0.6331371228734525,2.3346859052460958,3.048270068875769,PortScan,1
0.0,-0.46824076121525454,-0.8269282326554603,-0.7857078655017206,-0.433901726531975,-0.5626350720184327,-0.689922512310882,0.7987058497862394,-0.1761052653332213,-0.1238946865878216,-0.581755509392228,0.8528028654224417,-0.5813522684085505,-0.5859156840843114,-0.3943279755169121,-0.10831004373543182,0.005538022668994898,0.43888931273399195,0.8674396013064231,-0.10532016428309812,-0.4119488622461474,0.030814060877101618,0.9602076495021498,0.8974246694570205,-0.1851577174498157,-0.38183143309331175,0.8346973363835,0.8903663177728027,0.92856741300284,1.1753966406025276,1.1982893790305564,0.0,0.0,0.0,-0.8333100045178665,-0.8373981608049403,-0.10733563111646285,-0.8324312043502808,0.7987058497862394,-0.6285110472764236,-0.6666119063102967,-0.6560421807352764,-0.5992983021330405,0.0,1.1982893790305564,0.0,-0.41573970964154894,0.41573970964154905,-0.10314212462587932,0.0,0.0,1.010582305279823,-0.6678132871605682,-0.1761052653332213,-0.5813522684085505,-0.8333100045178665,0.0,0.0,0.0,0.0,0.0,0.0,-0.8269282326554603,-0.433901726531975,-0.7857078655017206,-0.5626350720184327,-0.4472624953103989,0.07310639136895032,-0.4800012170985186,-0.6103679378930736,-0.3340098516391569,-0.3079848076041357,-0.36233796747596336,-0.2489736628042525,0.4604614892864311,2.1246204279058283,0.900250164900167,-0.1357919656524338,PortScan,1
0.0,0.8347201345960998,0.9698791843700955,0.712576347706608,-0.4213271228016327,1.8242085524551348,1.3023564632601186,-1.2520253861514021,-1.1289874198860006,-1.0244861357341724,1.465377387562545,-1.1726039399558574,1.6599942825379255,1.6497762861272487,0.6179322959925141,-0.10431931114911308,-0.3505875712835414,-0.6193716543439219,-0.92908265707988,-0.10642852592039516,0.8374279291636119,-0.3361226200884069,-0.6550591832028186,-0.8918564690032093,-0.18521287452567614,0.8182428991041717,-0.6711236097071777,-0.6806576526116512,-0.862162307387177,-0.8937682300784954,-0.8345229603962803,0.0,0.0,0.0,1.3846824974689946,1.1894528485160418,-0.10506761953628213,0.6559954117928428,-1.2520253861514021,1.4424134893960527,1.6766379279210886,1.648815590034311,1.6086515655183529,0.0,-0.8345229603962803,0.0,-0.41573970964154894,0.41573970964154905,-0.10314212462587932,0.0,0.0,-0.98952850725316,1.6734285313569934,-1.1289874198860006,1.6599942825379255,1.3846824974689946,0.0,0.0,0.0,0.0,0.0,0.0,0.9698791843700955,-0.4213271228016327,0.712576347706608,1.8242085524551348,-0.452341560667092,-0.8480134253399845,-0.40500957534877857,1.678511829205953,-0.41731116730126383,-0.31055090266762864,-0.4201866485764526,-0.3663902175232652,-0.7753895421676896,-0.6331371228734525,-0.9009819291415246,-0.6096988731170965,PortScan,1
0.0,0.8346294367165045,0.9750610370507747,0.6678408475018096,-0.40865817268925736,1.8038682900736935,2.095107207043248,-1.2520253861514021,-1.1130221474148558,-0.7561177453864646,1.465377387562545,-1.1726039399558574,1.7087049668367484,1.7129446627028853,0.6104447744496877,-0.10436440079423462,-0.350532250978347,-0.61922699604148,-0.8958137528586232,-0.10646211263667689,0.8374279291636119,-0.3361351193510583,-0.6549836982790019,-0.858733250386981,-0.18521287452567614,0.8182428991041717,-0.6704099984231034,-0.6800180762539813,-0.829000672302663,-0.8937682300784954,-0.8345229603962803,0.0,0.0,0.0,1.3910617676526709,1.1291498432800455,-0.10506097790004751,0.6112930481051728,-1.2520253861514021,1.4424134893960527,1.6865505432284693,1.696621217983572,1.6945940833480087,0.0,-0.8345229603962803,0.0,-0.41573970964154894,0.41573970964154905,-0.10314212462587932,0.0,0.0,-0.98952850725316,1.6833538623891657,-1.1130221474148558,1.7087049668367484,1.3910617676526709,0.0,0.0,0.0,0.0,0.0,0.0,0.9750610370507747,-0.40865817268925736,0.6678408475018096,1.8038682900736935,-0.452341560667092,-0.7617293997813825,-0.4027821008413605,1.678511829205953,-0.41731116730126383,-0.31055090266762864,-0.4201866485764526,-0.3663902175232652,-0.7753895421676896,-0.6331371228734525,-0.9009819291415246,-0.6096988731170965,PortScan,1
